{
  "scenario": "mixed_PGD",
  "timestamp": "2025-09-12T10:19:17.393018+00:00",
  "attack_base_model": "Random_Forest",
  "threeclass_model": "Random_Forest",
  "lenient_tau_3c": 0.26304349303245544,
  "stream_counts": {
    "nat": 500000,
    "adv": 500000,
    "total": 1000000
  },
  "gate": {
    "accept_rate_nat": 0.991306,
    "accept_rate_adv": 0.032542,
    "counts": {
      "nat_accepted": 495653,
      "nat_blocked": 4347,
      "adv_accepted": 16271,
      "adv_blocked": 483729
    }
  },
  "three_class": {
    "accuracy": 0.9009618615263203,
    "f1_macro": 0.6163426964573299,
    "auc_ovr": 0.9567023362650381,
    "per_class": {
      "0": {
        "precision": 0.9369413077492207,
        "recall": 0.9262202043132803,
        "f1": 0.9315499100583867,
        "support": 250204
      },
      "1": {
        "precision": 0.8689602909972719,
        "recall": 0.9343529613076443,
        "f1": 0.9004709748728329,
        "support": 245449
      },
      "2": {
        "precision": 0.2171945701357466,
        "recall": 0.00885010140741196,
        "f1": 0.017007204440770047,
        "support": 16271
      }
    },
    "counts": {
      "total_accepted": 511924,
      "nat_accepted": 495653,
      "adv_accepted": 16271
    },
    "adv_pred2_rate_accepted": 0.00885010140741196,
    "confusion": {
      "labels": [
        0,
        1,
        2
      ],
      "matrix": [
        [
          231744,
          18457,
          3
        ],
        [
          15597,
          229336,
          516
        ],
        [
          0,
          16127,
          144
        ]
      ],
      "total": 511924,
      "accuracy_from_confusion": 0.9009618615263203
    }
  },
  "nat_only_slice": {
    "accuracy": 0.9302475723943969,
    "f1_macro": 0.9307313050561579,
    "per_class": {
      "0": {
        "precision": 0.9369413077492207,
        "recall": 0.9262202043132803,
        "f1": 0.9315499100583867,
        "support": 250204
      },
      "1": {
        "precision": 0.925514441489469,
        "recall": 0.9343529613076443,
        "f1": 0.9299127000539289,
        "support": 245449
      }
    },
    "counts": {
      "nat_accepted": 495653
    },
    "confusion": {
      "labels": [
        0,
        1,
        2
      ],
      "matrix": [
        [
          231744,
          18457,
          3
        ],
        [
          15597,
          229336,
          516
        ],
        [
          0,
          0,
          0
        ]
      ],
      "total": 495653,
      "accuracy_from_confusion": 0.9302475723943969
    }
  },
  "attack": {
    "kind": "PGD",
    "steps": 5,
    "eps_z": 0.4,
    "alpha_z": 0.1
  }
}