{
  "scenario": "mixed_PGD",
  "timestamp": "2025-09-12T10:19:17.392689+00:00",
  "attack_base_model": "Random_Forest",
  "threeclass_model": "Random_Forest",
  "lenient_tau_3c": 0.26304349303245544,
  "stream_counts": {
    "nat": 500000,
    "adv": 500000,
    "total": 1000000
  },
  "three_class": {
    "accuracy": 0.868123,
    "f1_macro": 0.8653025786567762,
    "auc_ovr": 0.9760090117028682,
    "per_class": {
      "0": {
        "precision": 0.883893802609548,
        "recall": 0.9262216786766263,
        "f1": 0.9045628415300546,
        "support": 250209
      },
      "1": {
        "precision": 0.698631325704984,
        "recall": 0.9346894003386831,
        "f1": 0.7996020432101619,
        "support": 249791
      },
      "2": {
        "precision": 0.9982161306386995,
        "recall": 0.805794,
        "f1": 0.8917428512301119,
        "support": 500000
      }
    },
    "counts": {
      "total": 1000000,
      "nat": 500000,
      "adv": 500000
    },
    "adv_pred2_rate": 0.805794,
    "confusion": {
      "labels": [
        0,
        1,
        2
      ],
      "matrix": [
        [
          231749,
          18457,
          3
        ],
        [
          15597,
          233477,
          717
        ],
        [
          14845,
          82258,
          402897
        ]
      ],
      "total": 1000000,
      "accuracy_from_confusion": 0.868123
    }
  },
  "nat_only_slice": {
    "accuracy": 0.930452,
    "f1_macro": 0.9311241904048372,
    "per_class": {
      "0": {
        "precision": 0.936942582455346,
        "recall": 0.9262216786766263,
        "f1": 0.9315512857875009,
        "support": 250209
      },
      "1": {
        "precision": 0.9267387490374464,
        "recall": 0.9346894003386831,
        "f1": 0.9306970950221735,
        "support": 249791
      }
    },
    "counts": {
      "nat_total": 500000
    },
    "confusion": {
      "labels": [
        0,
        1,
        2
      ],
      "matrix": [
        [
          231749,
          18457,
          3
        ],
        [
          15597,
          233477,
          717
        ],
        [
          0,
          0,
          0
        ]
      ],
      "total": 500000,
      "accuracy_from_confusion": 0.930452
    }
  },
  "attack": {
    "kind": "PGD",
    "steps": 5,
    "eps_z": 0.4,
    "alpha_z": 0.1
  }
}