{
  "scenario": "mixed_PGD",
  "timestamp": "2025-09-28T08:52:38.895179+00:00",
  "attack_base_model": "Random_Forest",
  "threeclass_model": "Random_Forest",
  "lenient_tau_3c": 0.26304349303245544,
  "stream_counts": {
    "nat": 500000,
    "adv": 500000,
    "total": 1000000
  },
  "gate": {
    "accept_rate_nat": 0.991306,
    "accept_rate_adv": 0.018724,
    "counts": {
      "nat_accepted": 495653,
      "nat_blocked": 4347,
      "adv_accepted": 9362,
      "adv_blocked": 490638
    }
  },
  "three_class": {
    "accuracy": 0.9131293129907032,
    "f1_macro": 0.6190427151910677,
    "auc_ovr": 0.9607951872184635,
    "per_class": {
      "0": {
        "precision": 0.9369413077492207,
        "recall": 0.9262202043132803,
        "f1": 0.9315499100583867,
        "support": 250204
      },
      "1": {
        "precision": 0.892042117382561,
        "recall": 0.9343529613076443,
        "f1": 0.9127074461734389,
        "support": 245449
      },
      "2": {
        "precision": 0.1097770154373928,
        "recall": 0.006836146122623371,
        "f1": 0.012870789341377576,
        "support": 9362
      }
    },
    "counts": {
      "total_accepted": 505015,
      "nat_accepted": 495653,
      "adv_accepted": 9362
    },
    "adv_pred2_rate_accepted": 0.006836146122623371,
    "confusion": {
      "labels": [
        0,
        1,
        2
      ],
      "matrix": [
        [
          231744,
          18457,
          3
        ],
        [
          15597,
          229336,
          516
        ],
        [
          0,
          9298,
          64
        ]
      ],
      "total": 505015,
      "accuracy_from_confusion": 0.9131293129907032
    }
  },
  "nat_only_slice": {
    "accuracy": 0.9302475723943969,
    "f1_macro": 0.9307313050561579,
    "per_class": {
      "0": {
        "precision": 0.9369413077492207,
        "recall": 0.9262202043132803,
        "f1": 0.9315499100583867,
        "support": 250204
      },
      "1": {
        "precision": 0.925514441489469,
        "recall": 0.9343529613076443,
        "f1": 0.9299127000539289,
        "support": 245449
      }
    },
    "counts": {
      "nat_accepted": 495653
    },
    "confusion": {
      "labels": [
        0,
        1,
        2
      ],
      "matrix": [
        [
          231744,
          18457,
          3
        ],
        [
          15597,
          229336,
          516
        ],
        [
          0,
          0,
          0
        ]
      ],
      "total": 495653,
      "accuracy_from_confusion": 0.9302475723943969
    }
  },
  "attack": {
    "kind": "PGD",
    "steps": 5,
    "eps_z": 0.4,
    "alpha_z": 0.1
  }
}