{
  "scenario": "mixed_PGD",
  "gate": "gate_legacy",
  "timestamp": "2025-09-12T10:19:13.658593+00:00",
  "threeclass_model": "Random_Forest",
  "stream_counts": {
    "nat": 500000,
    "adv": 500000
  },
  "gate_stats": {
    "accept_rate_nat": 0.991306,
    "accept_rate_adv": 0.032542,
    "nat_block_rate": 0.008694
  },
  "three_class": {
    "accuracy": 0.9009618615263203,
    "f1_macro": 0.6163426964573299,
    "auc_ovr": 0.9567023362650381,
    "per_class": {
      "0": {
        "precision": 0.9369413077492207,
        "recall": 0.9262202043132803,
        "f1": 0.9315499100583867,
        "support": 250204
      },
      "1": {
        "precision": 0.8689602909972719,
        "recall": 0.9343529613076443,
        "f1": 0.9004709748728329,
        "support": 245449
      },
      "2": {
        "precision": 0.2171945701357466,
        "recall": 0.00885010140741196,
        "f1": 0.017007204440770047,
        "support": 16271
      }
    },
    "counts": {
      "total_accepted": 511924,
      "nat_accepted": 495653,
      "adv_accepted": 16271
    },
    "accepted_nat_calibration": {
      "ece": 0.10193612997418464,
      "brier": 0.0693103276321989
    },
    "adv_pred2_rate_accepted": 0.00885010140741196
  }
}