{
  "scenario": "mixed_PGD",
  "gate": "gate_legacy",
  "timestamp": "2025-09-28T08:52:35.121520+00:00",
  "threeclass_model": "Random_Forest",
  "stream_counts": {
    "nat": 500000,
    "adv": 500000
  },
  "gate_stats": {
    "accept_rate_nat": 0.991306,
    "accept_rate_adv": 0.018724,
    "nat_block_rate": 0.008694
  },
  "three_class": {
    "accuracy": 0.9131293129907032,
    "f1_macro": 0.6190427151910677,
    "auc_ovr": 0.9607951872184635,
    "per_class": {
      "0": {
        "precision": 0.9369413077492207,
        "recall": 0.9262202043132803,
        "f1": 0.9315499100583867,
        "support": 250204
      },
      "1": {
        "precision": 0.892042117382561,
        "recall": 0.9343529613076443,
        "f1": 0.9127074461734389,
        "support": 245449
      },
      "2": {
        "precision": 0.1097770154373928,
        "recall": 0.006836146122623371,
        "f1": 0.012870789341377576,
        "support": 9362
      }
    },
    "counts": {
      "total_accepted": 505015,
      "nat_accepted": 495653,
      "adv_accepted": 9362
    },
    "accepted_nat_calibration": {
      "ece": 0.10193612997418464,
      "brier": 0.0693103276321989
    },
    "adv_pred2_rate_accepted": 0.006836146122623371
  }
}