{
  "samples": 2099999,
  "accuracy": 0.8847832784682278,
  "precision_macro": 0.8959510742394463,
  "recall_macro": 0.8847832349978187,
  "f1_macro": 0.8849387984134437,
  "balanced_accuracy": 0.8847832349978187,
  "mcc": 0.8317865682755007,
  "kappa": 0.8271749093277432,
  "auc_ovr": 0.9605076741161246,
  "auc_ovo": 0.9605076709601658,
  "brier_mc": 0.06166838672799325,
  "log_loss_ce": 0.34362437116189737,
  "ece_macro": 0.027702062799451917
}