{
  "samples": 600001,
  "accuracy": 0.8841301931163448,
  "precision_macro": 0.8954320114508838,
  "recall_macro": 0.8841303460566031,
  "f1_macro": 0.8842901847609311,
  "balanced_accuracy": 0.8841303460566031,
  "mcc": 0.8308553472401686,
  "kappa": 0.8261953193199448,
  "auc_ovr": 0.9585807845872071,
  "auc_ovo": 0.9585807956636012,
  "brier_mc": 0.062338682294835586,
  "log_loss_ce": 0.3473048983959866,
  "ece_macro": 0.025954881748225703
}