{
  "class": 1,
  "threshold_used": 0.56,
  "precision": 0.8239742845662753,
  "recall": 0.92281,
  "f1": 0.8705960046227506,
  "specificity": 0.901430246424384,
  "balanced_accuracy": 0.912120123212192,
  "auc_roc_ovr": 0.9553884255351861,
  "ap_pr": 0.8939147125032719,
  "confusion": {
    "tn": 360573,
    "fp": 39428,
    "fn": 15438,
    "tp": 184562
  }
}