{
  "samples": 300000,
  "accuracy": 0.8840966666666666,
  "precision_macro": 0.8954273146626194,
  "recall_macro": 0.8840966666666668,
  "f1_macro": 0.884226041824522,
  "balanced_accuracy": 0.8840966666666668,
  "mcc": 0.8308395652064124,
  "kappa": 0.826145,
  "auc_ovr": 0.9584154618416667,
  "auc_ovo": 0.9584154618416667,
  "brier_mc": 0.06236799061250947,
  "log_loss_ce": 0.3474348010338671,
  "ece_macro": 0.02587124142899319
}