{
  "class": 0,
  "threshold_used": 0.63,
  "precision": 0.8848148733495208,
  "recall": 0.92376,
  "f1": 0.9038681222985154,
  "specificity": 0.9398726503183742,
  "balanced_accuracy": 0.9318163251591871,
  "auc_roc_ovr": 0.972858430441424,
  "ap_pr": 0.9288369122136602,
  "confusion": {
    "tn": 375950,
    "fp": 24051,
    "fn": 15248,
    "tp": 184752
  }
}