{
  "class": 2,
  "threshold_used": 0.32,
  "precision": 0.971548601031378,
  "recall": 0.8232958835205824,
  "f1": 0.8912994643867241,
  "specificity": 0.987945,
  "balanced_accuracy": 0.9056204417602911,
  "auc_roc_ovr": 0.9474954977850111,
  "ap_pr": 0.9425409869377523,
  "confusion": {
    "tn": 395178,
    "fp": 4822,
    "fn": 35341,
    "tp": 164660
  }
}