{
  "samples": 50000,
  "accuracy": 0.92164,
  "precision": 0.9293016028786392,
  "recall": 0.9121448065500081,
  "f1": 0.9206432795916714,
  "balanced_accuracy": 0.9216082029879684,
  "mcc": 0.8434113464409088,
  "kappa": 0.8432685407987845,
  "confusion": {
    "tn": 23355,
    "fp": 1729,
    "fn": 2189,
    "tp": 22727
  },
  "specificity": 0.9310715994259289,
  "tpr": 0.9121448065500081,
  "tnr": 0.9310715994259289,
  "fpr": 0.06892840057407112,
  "fnr": 0.08785519344999197,
  "npv": 0.9143047290948951,
  "fdr": 0.07069839712136083,
  "for": 0.08569527090510491,
  "prevalence": 0.49832,
  "pred_pos_rate": 0.48912,
  "youden_j": 0.8432164059759368,
  "gmean": 0.9215596149694117,
  "threat_score": 0.8529555263651717,
  "f0_5": 0.925818803975884,
  "f2": 0.9155252980986143,
  "lr_plus": 13.233221704742858,
  "lr_minus": 0.09435922382785693,
  "roc_auc": 0.9665132531480227,
  "pr_auc": 0.9701925751008914,
  "brier": 0.06369597967937661,
  "log_loss_ce": 0.33380220249897025,
  "ece": 0.03123670204221898,
  "model": "Random_Forest",
  "attack": "NAT",
  "samples_evaluated": 50000,
  "timestamp": "2025-09-11T11:31:37.608698+00:00"
}