{
  "samples": 50000,
  "accuracy": 0.28852,
  "precision": 0.3359196994888848,
  "recall": 0.43787124739123456,
  "f1": 0.3801791127992473,
  "balanced_accuracy": 0.28902013972176943,
  "mcc": -0.4422033989973334,
  "kappa": -0.42153129963371616,
  "confusion": {
    "tn": 3516,
    "fp": 21568,
    "fn": 14006,
    "tp": 10910
  },
  "specificity": 0.14016903205230427,
  "tpr": 0.43787124739123456,
  "tnr": 0.14016903205230427,
  "fpr": 0.8598309679476958,
  "fnr": 0.5621287526087655,
  "npv": 0.20066202488300422,
  "fdr": 0.6640803005111152,
  "for": 0.7993379751169958,
  "prevalence": 0.49832,
  "pred_pos_rate": 0.64956,
  "youden_j": -0.42195972055646114,
  "gmean": 0.2477417786937932,
  "threat_score": 0.23470441442216677,
  "f0_5": 0.35232645257963674,
  "f2": 0.41281348851992555,
  "lr_plus": 0.5092527063038634,
  "lr_minus": 4.0103633761201,
  "roc_auc": 0.12170192516605435,
  "pr_auc": 0.32495699338462825,
  "brier": 0.6522265483019055,
  "log_loss_ce": 6.251397156322575,
  "ece": 0.6291551431386545,
  "model": "DL-MLP",
  "attack": "PGD",
  "samples_evaluated": 50000,
  "timestamp": "2025-09-11T11:31:30.927177+00:00"
}