{
  "scenario": "mixed_FGSM",
  "timestamp": "2025-09-12T05:51:11.339270+00:00",
  "base_model": "LightGBM",
  "defense_model": "Defense-LGBM",
  "defense_calibrator": true,
  "device": "cuda",
  "seed": 42,
  "tau": 0.045270271599292755,
  "tau_quantile": 0.9,
  "nat_frac_target": 0.5,
  "stream_size_target": 1000000,
  "stream_nat_count": 500000,
  "stream_adv_count": 500000,
  "samples_total": 1000000,
  "attack_kind": "FGSM",
  "attack_steps": 1,
  "attack_eps_z": 0.4,
  "attack_alpha_z": 0.1,
  "eval_bs": 100000,
  "torch_eval_bs": 8192,
  "torch_attack_bs": 4096,
  "lin_attack_bs": 32768,
  "bb_attack_bs": 8192,
  "detector_auroc_nat_vs_adv": 0.9924520791960002,
  "detector_ap_nat_vs_adv": 0.9929806275513655,
  "detector_counts_at_tau": {
    "TP": 493478,
    "FP": 49950,
    "TN": 450050,
    "FN": 6522
  },
  "tpr_adv_at_tau": 0.986956,
  "fpr_nat_at_tau": 0.0999,
  "tnr_nat_at_tau": 0.9001,
  "precision_adv_at_tau": 0.9080834995620395,
  "f1_adv_at_tau": 0.9458783931426031,
  "balanced_accuracy_at_tau": 0.943528,
  "accept_rate_overall": 0.456572,
  "accept_rate_nat": 0.9001,
  "accept_rate_adv": 0.013044,
  "accept_rate_nat_by_label": {
    "0": 0.9942434408051176,
    "1": 0.8061055643930007
  },
  "accept_rate_adv_by_label": {
    "0": 0.0,
    "1": 0.02612897022531329
  },
  "base_acc_nat_slice": 0.93504,
  "base_auc_nat_slice": 0.9769340849235819,
  "base_acc_adv_slice": 0.920826,
  "base_auc_adv_slice": 0.9552795398492033,
  "base_acc_accepted_nat": 0.9282657482501945,
  "base_auc_accepted_nat": 0.9715022890204633,
  "base_acc_rejected_nat": 0.9960760760760761,
  "base_auc_rejected_nat": 0.9994862690870858,
  "base_acc_accepted_adv": 1.0,
  "base_auc_accepted_adv": NaN,
  "base_acc_rejected_adv": 0.9197796051698354,
  "base_auc_rejected_adv": 0.9540796894213569,
  "counts": {
    "accepted_nat": 450050,
    "rejected_nat": 49950,
    "accepted_adv": 6522,
    "rejected_adv": 493478
  },
  "p_adv_nat_stats": {
    "mean": 0.026730884622265003,
    "std": 0.06273240388281451,
    "min": 0.0,
    "p5": 0.00019817677093669772,
    "p50": 0.009478118270635605,
    "p95": 0.17020511627197266,
    "max": 0.998979926109314
  },
  "p_adv_adv_stats": {
    "mean": 0.9303547028153929,
    "std": 0.2349192273325629,
    "min": 0.00019817677093669772,
    "p5": 0.17020511627197266,
    "p50": 1.0,
    "p95": 1.0,
    "max": 1.0
  },
  "base_prob_nat_stats": {
    "mean": 0.500205524888054,
    "std": 0.44405551420448686,
    "min": 8.033285894271103e-07,
    "p5": 3.6635135529650142e-06,
    "p50": 0.5601164698600769,
    "p95": 0.9999987483024597,
    "max": 0.9999997615814209
  },
  "base_prob_adv_stats": {
    "mean": 0.507641198536594,
    "std": 0.43465696662757286,
    "min": 7.959042704897001e-07,
    "p5": 4.6175173338269815e-06,
    "p50": 0.45072805881500244,
    "p95": 0.9999987483024597,
    "max": 0.9999997615814209
  }
}