{
  "meta": {
    "base_model": "LightGBM",
    "attack": "FGSM",
    "tau": 0.045270271599292755,
    "seed": 42,
    "generated_at": "2025-09-12T05:51:11.357485+00:00",
    "dims": 30,
    "notes": "Sample-level trace of NAT/ADV through attack\u2192defense\u2192base pipeline."
  },
  "nat_samples": [
    {
      "global_index": 324449,
      "true_label": 0,
      "z_before": {
        "values": [
          -0.8072341680526733,
          -0.43302619457244873,
          -0.28786027431488037,
          0.5533509850502014,
          -1.5825436115264893,
          -0.2928661108016968,
          -0.7418742179870605,
          -0.34794536232948303,
          0.7662404775619507,
          0.0,
          0.0,
          -0.38252851366996765,
          0.0,
          -0.35048431158065796,
          0.0,
          -0.28786027431488037,
          -0.30762508511543274,
          0.0,
          0.0,
          0.0,
          -0.31207001209259033,
          -0.2915782630443573,
          0.0,
          1.9451649188995361,
          -0.22962790727615356,
          -0.007071246858686209,
          0.9214245080947876,
          0.0,
          -0.03717402368783951,
          -0.007746201939880848
        ],
        "truncated": false,
        "total_dim": 30
      },
      "defense": {
        "p_adv": 0.001932367216795683,
        "tau": 0.045270271599292755,
        "decision": "accept"
      },
      "base": {
        "prob_pre": 3.794145413849037e-06,
        "pred_pre": 0,
        "prob_post": 3.794145413849037e-06,
        "pred_post": 0,
        "flipped": false
      }
    },
    {
      "global_index": 534403,
      "true_label": 1,
      "z_before": {
        "values": [
          0.3812086582183838,
          -0.43302619457244873,
          -0.28786027431488037,
          1.1439931392669678,
          0.397273451089859,
          0.8475242853164673,
          0.59312903881073,
          -0.34794536232948303,
          0.7662404775619507,
          0.0,
          0.0,
          -0.38252851366996765,
          0.0,
          -0.35048431158065796,
          0.0,
          -0.28786027431488037,
          2.5402069091796875,
          0.0,
          0.0,
          0.0,
          -0.31207001209259033,
          -0.2915782630443573,
          0.0,
          0.36300942301750183,
          -0.22962790727615356,
          -0.007071246858686209,
          0.9214245080947876,
          0.0,
          -0.03717402368783951,
          -0.007746201939880848
        ],
        "truncated": false,
        "total_dim": 30
      },
      "defense": {
        "p_adv": 0.00019817677093669772,
        "tau": 0.045270271599292755,
        "decision": "accept"
      },
      "base": {
        "prob_pre": 0.9999392032623291,
        "pred_pre": 1,
        "prob_post": 0.9999392032623291,
        "pred_post": 1,
        "flipped": false
      }
    }
  ],
  "adv_samples": [
    {
      "global_index": 270940,
      "true_label": 0,
      "z_before": {
        "values": [
          -1.0139199495315552,
          -0.43302619457244873,
          -0.28786027431488037,
          -0.03729116916656494,
          -1.5825436115264893,
          -0.16077439486980438,
          -1.186875343322754,
          -0.34794536232948303,
          -0.238382026553154,
          0.0,
          0.0,
          -0.38252851366996765,
          0.0,
          -0.35048431158065796,
          0.0,
          -0.28786027431488037,
          -0.30762508511543274,
          0.0,
          0.0,
          0.0,
          -0.31207001209259033,
          -0.2915782630443573,
          0.0,
          1.6951452493667603,
          -0.22962790727615356,
          -0.007071246858686209,
          0.9214245080947876,
          0.0,
          -0.03717402368783951,
          -0.007746201939880848
        ],
        "truncated": false,
        "total_dim": 30
      },
      "z_after_attack": {
        "values": [
          -0.9139199256896973,
          -0.43302619457244873,
          -0.28786027431488037,
          0.06270883232355118,
          -1.4825435876846313,
          -0.06077439337968826,
          -1.086875319480896,
          -0.34794536232948303,
          -0.3383820354938507,
          0.0,
          0.0,
          -0.38252851366996765,
          0.0,
          -0.35048431158065796,
          0.0,
          -0.28786027431488037,
          -0.20762509107589722,
          0.0,
          0.0,
          0.0,
          -0.31207001209259033,
          -0.2915782630443573,
          0.0,
          1.5951452255249023,
          -0.22962790727615356,
          -0.007071246858686209,
          0.8214244842529297,
          0.0,
          -0.03717402368783951,
          -0.007746201939880848
        ],
        "truncated": false,
        "total_dim": 30
      },
      "delta_norms": {
        "l_inf": 0.10000002384185791,
        "l2": 0.30000004172325134,
        "l1": 0.9000000953674316
      },
      "defense": {
        "p_adv_pre": 1.0,
        "p_adv_post": 1.0,
        "tau": 0.045270271599292755,
        "decision_post": "reject"
      },
      "base": {
        "prob_pre": 5.2293457883934025e-06,
        "pred_pre": 0,
        "prob_post": null,
        "pred_post": null,
        "flipped": false
      }
    },
    {
      "global_index": 456121,
      "true_label": 0,
      "z_before": {
        "values": [
          -0.7038913369178772,
          -0.43302619457244873,
          -0.28786027431488037,
          -1.6615570783615112,
          0.18887163698673248,
          -1.380257487297058,
          -0.7418742179870605,
          -0.34794536232948303,
          -1.243004560470581,
          0.0,
          0.0,
          -0.38252851366996765,
          0.0,
          -0.35048431158065796,
          0.0,
          -0.28786027431488037,
          -0.30762508511543274,
          0.0,
          0.0,
          0.0,
          -0.31207001209259033,
          -0.2915782630443573,
          0.0,
          -1.3214267492294312,
          -0.22962790727615356,
          -0.007071246858686209,
          0.9214245080947876,
          0.0,
          -0.03717402368783951,
          -0.007746201939880848
        ],
        "truncated": false,
        "total_dim": 30
      },
      "z_after_attack": {
        "values": [
          -0.8038913607597351,
          -0.3330262005329132,
          -0.18786028027534485,
          -1.5615570545196533,
          0.08887163549661636,
          -1.480257511138916,
          -0.8418742418289185,
          -0.2479453682899475,
          -1.1430045366287231,
          0.0,
          0.0,
          -0.28252851963043213,
          0.0,
          -0.25048431754112244,
          0.0,
          -0.18786028027534485,
          -0.20762509107589722,
          0.0,
          0.0,
          0.0,
          -0.2120700180530548,
          -0.19157826900482178,
          0.0,
          -1.421426773071289,
          -0.12962791323661804,
          -0.007071246858686209,
          0.8214244842529297,
          0.0,
          0.06282597780227661,
          -0.007746201939880848
        ],
        "truncated": false,
        "total_dim": 30
      },
      "delta_norms": {
        "l_inf": 0.10000002384185791,
        "l2": 0.43588992953300476,
        "l1": 1.9000002145767212
      },
      "defense": {
        "p_adv_pre": 1.0,
        "p_adv_post": 1.0,
        "tau": 0.045270271599292755,
        "decision_post": "reject"
      },
      "base": {
        "prob_pre": 0.07444212585687637,
        "pred_pre": 0,
        "prob_post": null,
        "pred_post": null,
        "flipped": false
      }
    },
    {
      "global_index": 1360512,
      "true_label": 0,