{
  "scenario": "mixed_PGD",
  "gate": "gate_conformal",
  "timestamp": "2025-09-28T08:52:36.533226+00:00",
  "threeclass_model": "Random_Forest",
  "stream_counts": {
    "nat": 500000,
    "adv": 500000
  },
  "gate_stats": {
    "accept_rate_nat": 0.999564,
    "accept_rate_adv": 0.020088,
    "nat_block_rate": 0.000436
  },
  "three_class": {
    "accuracy": 0.9123308736706249,
    "f1_macro": 0.6196506602107791,
    "auc_ovr": 0.959296676632182,
    "per_class": {
      "0": {
        "precision": 0.936942582455346,
        "recall": 0.9262216786766263,
        "f1": 0.9315512857875009,
        "support": 250209
      },
      "1": {
        "precision": 0.8914076768479532,
        "recall": 0.9348006394922528,
        "f1": 0.912588623006288,
        "support": 249573
      },
      "2": {
        "precision": 0.10554089709762533,
        "recall": 0.00796495420151334,
        "f1": 0.014812071838548418,
        "support": 10044
      }
    },
    "counts": {
      "total_accepted": 509826,
      "nat_accepted": 499782,
      "adv_accepted": 10044
    },
    "accepted_nat_calibration": {
      "ece": 0.10300338007217073,
      "brier": 0.0694450266228181
    },
    "adv_pred2_rate_accepted": 0.00796495420151334
  }
}