{
  "samples": 50000,
  "accuracy": 0.65326,
  "precision": 0.6060979365568216,
  "recall": 0.8688393000481618,
  "f1": 0.7140665973974568,
  "balanced_accuracy": 0.653981920794293,
  "mcc": 0.34087102034615857,
  "kappa": 0.30751742752201083,
  "confusion": {
    "tn": 11015,
    "fp": 14069,
    "fn": 3268,
    "tp": 21648
  },
  "specificity": 0.4391245415404242,
  "tpr": 0.8688393000481618,
  "tnr": 0.4391245415404242,
  "fpr": 0.5608754584595759,
  "fnr": 0.13116069995183818,
  "npv": 0.7711965273401946,
  "fdr": 0.39390206344317835,
  "for": 0.22880347265980536,
  "prevalence": 0.49832,
  "pred_pos_rate": 0.71434,
  "youden_j": 0.3079638415885859,
  "gmean": 0.617680062253876,
  "threat_score": 0.555290496344748,
  "f0_5": 0.6451151480474896,
  "f2": 0.7995213508542558,
  "lr_plus": 1.5490770490019254,
  "lr_minus": 0.2986867905212809,
  "roc_auc": 0.7734867843564006,
  "pr_auc": 0.8179296337321786,
  "brier": 0.2527270410841689,
  "log_loss_ce": 0.8118045920544176,
  "ece": 0.21378088411499785,
  "model": "Random_Forest",
  "attack": "FGSM",
  "samples_evaluated": 50000,
  "timestamp": "2025-09-11T11:33:01.068842+00:00"
}