{
  "samples": 50000,
  "accuracy": 0.53842,
  "precision": 0.5218331788252633,
  "recall": 0.8810804302456253,
  "f1": 0.655460177651713,
  "balanced_accuracy": 0.5395674835010618,
  "mcc": 0.10830809405698376,
  "kappa": 0.07895294972239986,
  "confusion": {
    "tn": 4968,
    "fp": 20116,
    "fn": 2963,
    "tp": 21953
  },
  "specificity": 0.19805453675649817,
  "tpr": 0.8810804302456253,
  "tnr": 0.19805453675649817,
  "fpr": 0.8019454632435018,
  "fnr": 0.1189195697543747,
  "npv": 0.6264027234901022,
  "fdr": 0.47816682117473674,
  "for": 0.3735972765098979,
  "prevalence": 0.49832,
  "pred_pos_rate": 0.84138,
  "youden_j": 0.07913496700212352,
  "gmean": 0.4177343371779646,
  "threat_score": 0.48749777935690175,
  "f0_5": 0.568165348461634,
  "f2": 0.7744491402849019,
  "lr_plus": 1.0986787389282793,
  "lr_minus": 0.6004385039691496,
  "roc_auc": 0.4102399938454345,
  "pr_auc": 0.44524318315467204,
  "brier": 0.4426005035481895,
  "log_loss_ce": 4.434284822603794,
  "ece": 0.4172921437085048,
  "model": "DL-MLP",
  "attack": "FGSM",
  "samples_evaluated": 50000,
  "timestamp": "2025-09-11T11:31:30.288664+00:00"
}