{
  "scenario": "mixed_FGSM",
  "timestamp": "2025-09-28T08:43:31.302709+00:00",
  "attack_base_model": "DL-MLP",
  "threeclass_model": "DL-MLP",
  "lenient_tau_3c": 0.26304349303245544,
  "stream_counts": {
    "nat": 500000,
    "adv": 500000,
    "total": 1000000
  },
  "three_class": {
    "accuracy": 0.937096,
    "f1_macro": 0.9280584261564665,
    "auc_ovr": 0.9871127072451801,
    "per_class": {
      "0": {
        "precision": 0.9310137972405519,
        "recall": 0.9304221670683309,
        "f1": 0.9307178881339466,
        "support": 250209
      },
      "1": {
        "precision": 0.838009669245849,
        "recall": 0.9360985784115521,
        "f1": 0.8843424983926478,
        "support": 249791
      },
      "2": {
        "precision": 0.9990359317167847,
        "recall": 0.940934,
        "f1": 0.9691148919428049,
        "support": 500000
      }
    },
    "counts": {
      "total": 1000000,
      "nat": 500000,
      "adv": 500000
    },
    "adv_pred2_rate": 0.940934,
    "confusion": {
      "labels": [
        0,
        1,
        2
      ],
      "matrix": [
        [
          232800,
          17146,
          263
        ],
        [
          15771,
          233829,
          191
        ],
        [
          1479,
          28054,
          470467
        ]
      ],
      "total": 1000000,
      "accuracy_from_confusion": 0.937096
    }
  },
  "nat_only_slice": {
    "accuracy": 0.933258,
    "f1_macro": 0.9336814866459662,
    "per_class": {
      "0": {
        "precision": 0.9365533388850671,
        "recall": 0.9304221670683309,
        "f1": 0.9334776855527487,
        "support": 250209
      },
      "1": {
        "precision": 0.9316824384898894,
        "recall": 0.9360985784115521,
        "f1": 0.9338852877391836,
        "support": 249791
      }
    },
    "counts": {
      "nat_total": 500000
    },
    "confusion": {
      "labels": [
        0,
        1,
        2
      ],
      "matrix": [
        [
          232800,
          17146,
          263
        ],
        [
          15771,
          233829,
          191
        ],
        [
          0,
          0,
          0
        ]
      ],
      "total": 500000,
      "accuracy_from_confusion": 0.933258
    }
  },
  "attack": {
    "kind": "FGSM",
    "steps": 1,
    "eps_z": 0.4,
    "alpha_z": 0.1
  }
}