{
  "NAT": {
    "accuracy": 0.9302999999999999,
    "precision": 0.9322603616712289,
    "recall": 0.9275030770054048,
    "f1": 0.9298546464351958,
    "balanced_accuracy": 0.9302906338091393,
    "mcc": 0.8606440481182586,
    "kappa": 0.860595648011753,
    "roc_auc": 0.9723193770968397,
    "pr_auc": 0.976427703154545,
    "specificity": 0.933078190612874,
    "tpr": 0.9275030770054048,
    "tnr": 0.933078190612874,
    "fpr": 0.06692180938712593,
    "fnr": 0.07249692299459519,
    "npv": 0.9284464819786477,
    "fdr": 0.06773963832877099,
    "for": 0.07155351802135242,
    "prevalence": 0.49831999999999993,
    "pred_pos_rate": 0.4957666666666667,
    "youden_j": 0.8605812676182789,
    "gmean": 0.9302742956657107,
    "threat_score": 0.8689740071107269,
    "f0_5": 0.9312914823905388,
    "f2": 0.9284373019041784,
    "lr_plus": 13.869759862782294,
    "lr_minus": 0.0777144116983836,
    "brier": 0.05661608459984479,
    "log_loss_ce": 0.23126895192415242,
    "ece": 0.012383752026503136
  },
  "FGSM": {
    "accuracy": 0.5862066666666667,
    "precision": 0.5566697885703074,
    "recall": 0.8644913576282978,
    "f1": 0.6765155195617588,
    "balanced_accuracy": 0.5871385720262894,
    "mcc": 0.20393943906725132,
    "kappa": 0.17398356068147405,
    "roc_auc": 0.5700025812344743,
    "pr_auc": 0.6099008332686379,
    "specificity": 0.30978578642428106,
    "tpr": 0.8644913576282978,
    "tnr": 0.30978578642428106,
    "fpr": 0.6902142135757189,
    "fnr": 0.13550864237170226,
    "npv": 0.6834668444841823,
    "fdr": 0.4433302114296927,
    "for": 0.31653315551581773,
    "prevalence": 0.49831999999999993,
    "pred_pos_rate": 0.77706,
    "youden_j": 0.17427714405257877,
    "gmean": 0.5106233650221496,
    "threat_score": 0.5117825417142408,
    "f0_5": 0.599029294282503,
    "f2": 0.7776961190092041,
    "lr_plus": 1.2798389400968009,
    "lr_minus": 0.4781903922210879,
    "brier": 0.36700931549935994,
    "log_loss_ce": 3.195391551713777,
    "ece": 0.3452722405087032
  },
  "PGD": {
    "accuracy": 0.48655333333333334,
    "precision": 0.48320444787920547,
    "recall": 0.6943062021726334,
    "f1": 0.5694193688551661,
    "balanced_accuracy": 0.48724904538015607,
    "mcc": -0.016328462794041192,
    "kappa": -0.025544330510020252,
    "roc_auc": 0.4662141687048123,
    "pr_auc": 0.537954646516411,
    "specificity": 0.2801918885876788,
    "tpr": 0.6943062021726334,
    "tnr": 0.2801918885876788,
    "fpr": 0.7198081114123213,
    "fnr": 0.3056937978273666,
    "npv": 0.5115617175157133,
    "fdr": 0.5167955521207945,
    "for": 0.4884382824842868,
    "prevalence": 0.49831999999999993,
    "pred_pos_rate": 0.7071000000000001,
    "youden_j": -0.025501909239687832,
    "gmean": 0.4403235416668189,
    "threat_score": 0.40972170778842565,
    "f0_5": 0.5142928001979185,
    "f2": 0.6381500291040205,
    "lr_plus": 1.0135881553089179,
    "lr_minus": 1.6744974742852567,
    "brier": 0.4411955622358958,
    "log_loss_ce": 3.9431932310067386,
    "ece": 0.43136795782741566
  }
}