{
  "samples": 50000,
  "accuracy": 0.57228,
  "precision": 0.5489190687361419,
  "recall": 0.7948707657729973,
  "f1": 0.649386845039019,
  "balanced_accuracy": 0.5730254004275607,
  "mcc": 0.16292533318480437,
  "kappa": 0.1458319860063746,
  "confusion": {
    "tn": 8809,
    "fp": 16275,
    "fn": 5111,
    "tp": 19805
  },
  "specificity": 0.3511800350821241,
  "tpr": 0.7948707657729973,
  "tnr": 0.3511800350821241,
  "fpr": 0.648819964917876,
  "fnr": 0.20512923422700272,
  "npv": 0.632830459770115,
  "fdr": 0.45108093126385806,
  "for": 0.36716954022988507,
  "prevalence": 0.49832,
  "pred_pos_rate": 0.7216,
  "youden_j": 0.14605080085512134,
  "gmean": 0.5283396099195252,
  "threat_score": 0.4808089145687165,
  "f0_5": 0.5851296414474462,
  "f2": 0.7294981730315889,
  "lr_plus": 1.2251021989953834,
  "lr_minus": 0.5841141686173386,
  "roc_auc": 0.5505111990512328,
  "pr_auc": 0.5538935010621295,
  "brier": 0.3915336899286836,
  "log_loss_ce": 4.188658089665397,
  "ece": 0.4109416406494072,
  "model": "LightGBM",
  "attack": "PGD",
  "samples_evaluated": 50000,
  "timestamp": "2025-09-11T11:34:14.495692+00:00"
}