{
  "scenario": "mixed_PGD",
  "gate": "gate_conformal",
  "timestamp": "2025-09-28T10:19:55.201253+00:00",
  "threeclass_model": "LightGBM",
  "stream_counts": {
    "nat": 500000,
    "adv": 500000
  },
  "gate_stats": {
    "accept_rate_nat": 0.999564,
    "accept_rate_adv": 0.038864,
    "nat_block_rate": 0.000436
  },
  "three_class": {
    "accuracy": 0.9014125196932287,
    "f1_macro": 0.6176335350354504,
    "auc_ovr": 0.9129328624794967,
    "per_class": {
      "0": {
        "precision": 0.9378292095765689,
        "recall": 0.9357377232633518,
        "f1": 0.9367822990437322,
        "support": 250209
      },
      "1": {
        "precision": 0.8686518465666273,
        "recall": 0.9365957054649341,
        "f1": 0.9013451790840752,
        "support": 249573
      },
      "2": {
        "precision": 0.31343283582089554,
        "recall": 0.007564841498559078,
        "f1": 0.014773126978543792,
        "support": 19432
      }
    },
    "counts": {
      "total_accepted": 519214,
      "nat_accepted": 499782,
      "adv_accepted": 19432
    },
    "accepted_nat_calibration": {
      "ece": 0.04477239724589779,
      "brier": 0.05384124459701919
    },
    "adv_pred2_rate_accepted": 0.007564841498559078
  }
}