{
  "scenario": "mixed_PGD",
  "gate": "gate_legacy",
  "timestamp": "2025-09-28T10:19:53.767998+00:00",
  "threeclass_model": "LightGBM",
  "stream_counts": {
    "nat": 500000,
    "adv": 500000
  },
  "gate_stats": {
    "accept_rate_nat": 0.991306,
    "accept_rate_adv": 0.036762,
    "nat_block_rate": 0.008694
  },
  "three_class": {
    "accuracy": 0.9025959372337239,
    "f1_macro": 0.6163129132007958,
    "auc_ovr": 0.9131217236715664,
    "per_class": {
      "0": {
        "precision": 0.937827964397587,
        "recall": 0.9357364390657223,
        "f1": 0.9367810343102931,
        "support": 250204
      },
      "1": {
        "precision": 0.8699519476536142,
        "recall": 0.9360111469185044,
        "f1": 0.9017733781322615,
        "support": 245449
      },
      "2": {
        "precision": 0.3222591362126246,
        "recall": 0.0052771884010663185,
        "f1": 0.010384327159832995,
        "support": 18381
      }
    },
    "counts": {
      "total_accepted": 514034,
      "nat_accepted": 495653,
      "adv_accepted": 18381
    },
    "accepted_nat_calibration": {
      "ece": 0.043983588142389715,
      "brier": 0.05391012696538847
    },
    "adv_pred2_rate_accepted": 0.0052771884010663185
  }
}