{
  "scenario": "mixed_PGD",
  "timestamp": "2025-09-28T10:19:58.385362+00:00",
  "attack_base_model": "LightGBM",
  "threeclass_model": "LightGBM",
  "lenient_tau_3c": 0.26304349303245544,
  "stream_counts": {
    "nat": 500000,
    "adv": 500000,
    "total": 1000000
  },
  "gate": {
    "accept_rate_nat": 0.991306,
    "accept_rate_adv": 0.036762,
    "counts": {
      "nat_accepted": 495653,
      "nat_blocked": 4347,
      "adv_accepted": 18381,
      "adv_blocked": 481619
    }
  },
  "three_class": {
    "accuracy": 0.9025959372337239,
    "f1_macro": 0.6163129132007958,
    "auc_ovr": 0.9131217236715664,
    "per_class": {
      "0": {
        "precision": 0.937827964397587,
        "recall": 0.9357364390657223,
        "f1": 0.9367810343102931,
        "support": 250204
      },
      "1": {
        "precision": 0.8699519476536142,
        "recall": 0.9360111469185044,
        "f1": 0.9017733781322615,
        "support": 245449
      },
      "2": {
        "precision": 0.3222591362126246,
        "recall": 0.0052771884010663185,
        "f1": 0.010384327159832995,
        "support": 18381
      }
    },
    "counts": {
      "total_accepted": 514034,
      "nat_accepted": 495653,
      "adv_accepted": 18381
    },
    "adv_pred2_rate_accepted": 0.0052771884010663185,
    "confusion": {
      "labels": [
        0,
        1,
        2
      ],
      "matrix": [
        [
          234125,
          16060,
          19
        ],
        [
          15521,
          229743,
          185
        ],
        [
          0,
          18284,
          97
        ]
      ],
      "total": 514034,
      "accuracy_from_confusion": 0.9025959372337239
    }
  },
  "nat_only_slice": {
    "accuracy": 0.9358724753002604,
    "f1_macro": 0.9360588421695994,
    "per_class": {
      "0": {
        "precision": 0.937827964397587,
        "recall": 0.9357364390657223,
        "f1": 0.9367810343102931,
        "support": 250204
      },
      "1": {
        "precision": 0.9346631245346884,
        "recall": 0.9360111469185044,
        "f1": 0.9353366500289058,
        "support": 245449
      }
    },
    "counts": {
      "nat_accepted": 495653
    },
    "confusion": {
      "labels": [
        0,
        1,
        2
      ],
      "matrix": [
        [
          234125,
          16060,
          19
        ],
        [
          15521,
          229743,
          185
        ],
        [
          0,
          0,
          0
        ]
      ],
      "total": 495653,
      "accuracy_from_confusion": 0.9358724753002604
    }
  },
  "attack": {
    "kind": "PGD",
    "steps": 5,
    "eps_z": 0.4,
    "alpha_z": 0.1
  }
}