{
  "scenario": "mixed_PGD",
  "gate": "msp_quantile",
  "timestamp": "2025-09-12T11:19:45.948911+00:00",
  "threeclass_model": "LightGBM",
  "stream_counts": {
    "nat": 500000,
    "adv": 500000
  },
  "gate_stats": {
    "accept_rate_nat": 0.005148,
    "accept_rate_adv": 0.000206,
    "nat_block_rate": 0.994852
  },
  "three_class": {
    "accuracy": 0.9600298841987299,
    "f1_macro": 0.647078782333543,
    "auc_ovr": 0.9156154886828985,
    "per_class": {
      "0": {
        "precision": 0.9051094890510949,
        "recall": 1.0,
        "f1": 0.9501915708812261,
        "support": 744
      },
      "1": {
        "precision": 0.984366576819407,
        "recall": 0.9978142076502732,
        "f1": 0.991044776119403,
        "support": 1830
      },
      "2": {
        "precision": 0.0,
        "recall": 0.0,
        "f1": 0.0,
        "support": 103
      }
    },
    "counts": {
      "total_accepted": 2677,
      "nat_accepted": 2574,
      "adv_accepted": 103
    },
    "accepted_nat_calibration": {
      "ece": 0.0009263646445166751,
      "brier": 0.0015505312638424214
    },
    "adv_pred2_rate_accepted": 0.0
  }
}