{
  "scenario": "mixed_PGD",
  "gate": "gate_legacy",
  "timestamp": "2025-09-12T11:19:43.513021+00:00",
  "threeclass_model": "LightGBM",
  "stream_counts": {
    "nat": 500000,
    "adv": 500000
  },
  "gate_stats": {
    "accept_rate_nat": 0.991306,
    "accept_rate_adv": 0.03823,
    "nat_block_rate": 0.008694
  },
  "three_class": {
    "accuracy": 0.9013089391725981,
    "f1_macro": 0.6157496707188596,
    "auc_ovr": 0.9140616775332205,
    "per_class": {
      "0": {
        "precision": 0.937827964397587,
        "recall": 0.9357364390657223,
        "f1": 0.9367810343102931,
        "support": 250204
      },
      "1": {
        "precision": 0.8675407161818738,
        "recall": 0.9360111469185044,
        "f1": 0.9004762184725733,
        "support": 245449
      },
      "2": {
        "precision": 0.3222591362126246,
        "recall": 0.00507454878367774,
        "f1": 0.009991759373712402,
        "support": 19115
      }
    },
    "counts": {
      "total_accepted": 514768,
      "nat_accepted": 495653,
      "adv_accepted": 19115
    },
    "accepted_nat_calibration": {
      "ece": 0.043983588142389715,
      "brier": 0.05391012696538847
    },
    "adv_pred2_rate_accepted": 0.00507454878367774
  }
}