{
  "scenario": "mixed_PGD",
  "gate": "msp_quantile",
  "timestamp": "2025-09-28T10:19:56.231655+00:00",
  "threeclass_model": "LightGBM",
  "stream_counts": {
    "nat": 500000,
    "adv": 500000
  },
  "gate_stats": {
    "accept_rate_nat": 0.005148,
    "accept_rate_adv": 8.2e-05,
    "nat_block_rate": 0.994852
  },
  "three_class": {
    "accuracy": 0.982791586998088,
    "f1_macro": 0.6596197021962135,
    "auc_ovr": 0.9376897615975643,
    "per_class": {
      "0": {
        "precision": 0.9738219895287958,
        "recall": 1.0,
        "f1": 0.986737400530504,
        "support": 744
      },
      "1": {
        "precision": 0.9864937871420854,
        "recall": 0.9978142076502732,
        "f1": 0.9921217060581363,
        "support": 1830
      },
      "2": {
        "precision": 0.0,
        "recall": 0.0,
        "f1": 0.0,
        "support": 41
      }
    },
    "counts": {
      "total_accepted": 2615,
      "nat_accepted": 2574,
      "adv_accepted": 41
    },
    "accepted_nat_calibration": {
      "ece": 0.0009263646445166751,
      "brier": 0.0015505312638424214
    },
    "adv_pred2_rate_accepted": 0.0
  }
}