{
  "scenario": "mixed_PGD",
  "timestamp": "2025-09-12T11:19:48.094957+00:00",
  "attack_base_model": "LightGBM",
  "threeclass_model": "LightGBM",
  "lenient_tau_3c": 0.26304349303245544,
  "stream_counts": {
    "nat": 500000,
    "adv": 500000,
    "total": 1000000
  },
  "three_class": {
    "accuracy": 0.942452,
    "f1_macro": 0.9333723947688058,
    "auc_ovr": 0.9866132562123031,
    "per_class": {
      "0": {
        "precision": 0.9253308987720484,
        "recall": 0.9357377232633518,
        "f1": 0.9305052142947984,
        "support": 250209
      },
      "1": {
        "precision": 0.8593438889092979,
        "recall": 0.9364708896637589,
        "f1": 0.8962511566069796,
        "support": 249791
      },
      "2": {
        "precision": 0.9992269892389319,
        "recall": 0.9488,
        "f1": 0.9733608134046393,
        "support": 500000
      }
    },
    "counts": {
      "total": 1000000,
      "nat": 500000,
      "adv": 500000
    },
    "adv_pred2_rate": 0.9488,
    "confusion": {
      "labels": [
        0,
        1,
        2
      ],
      "matrix": [
        [
          234130,
          16060,
          19
        ],
        [
          15521,
          233922,
          348
        ],
        [
          3372,
          22228,
          474400
        ]
      ],
      "total": 1000000,
      "accuracy_from_confusion": 0.942452
    }
  },
  "nat_only_slice": {
    "accuracy": 0.936104,
    "f1_macro": 0.9364476471717992,
    "per_class": {
      "0": {
        "precision": 0.9378292095765689,
        "recall": 0.9357377232633518,
        "f1": 0.9367822990437322,
        "support": 250209
      },
      "1": {
        "precision": 0.9357553743869559,
        "recall": 0.9364708896637589,
        "f1": 0.9361129952998661,
        "support": 249791
      }
    },
    "counts": {
      "nat_total": 500000
    },
    "confusion": {
      "labels": [
        0,
        1,
        2
      ],
      "matrix": [
        [
          234130,
          16060,
          19
        ],
        [
          15521,
          233922,
          348
        ],
        [
          0,
          0,
          0
        ]
      ],
      "total": 500000,
      "accuracy_from_confusion": 0.936104
    }
  },
  "attack": {
    "kind": "PGD",
    "steps": 5,
    "eps_z": 0.4,
    "alpha_z": 0.1
  }
}