{
  "scenario": "mixed_PGD",
  "timestamp": "2025-09-12T11:19:48.095268+00:00",
  "attack_base_model": "LightGBM",
  "threeclass_model": "LightGBM",
  "lenient_tau_3c": 0.26304349303245544,
  "stream_counts": {
    "nat": 500000,
    "adv": 500000,
    "total": 1000000
  },
  "gate": {
    "accept_rate_nat": 0.991306,
    "accept_rate_adv": 0.03823,
    "counts": {
      "nat_accepted": 495653,
      "nat_blocked": 4347,
      "adv_accepted": 19115,
      "adv_blocked": 480885
    }
  },
  "three_class": {
    "accuracy": 0.9013089391725981,
    "f1_macro": 0.6157496707188596,
    "auc_ovr": 0.9140616775332205,
    "per_class": {
      "0": {
        "precision": 0.937827964397587,
        "recall": 0.9357364390657223,
        "f1": 0.9367810343102931,
        "support": 250204
      },
      "1": {
        "precision": 0.8675407161818738,
        "recall": 0.9360111469185044,
        "f1": 0.9004762184725733,
        "support": 245449
      },
      "2": {
        "precision": 0.3222591362126246,
        "recall": 0.00507454878367774,
        "f1": 0.009991759373712402,
        "support": 19115
      }
    },
    "counts": {
      "total_accepted": 514768,
      "nat_accepted": 495653,
      "adv_accepted": 19115
    },
    "adv_pred2_rate_accepted": 0.00507454878367774,
    "confusion": {
      "labels": [
        0,
        1,
        2
      ],
      "matrix": [
        [
          234125,
          16060,
          19
        ],
        [
          15521,
          229743,
          185
        ],
        [
          0,
          19018,
          97
        ]
      ],
      "total": 514768,
      "accuracy_from_confusion": 0.9013089391725981
    }
  },
  "nat_only_slice": {
    "accuracy": 0.9358724753002604,
    "f1_macro": 0.9360588421695994,
    "per_class": {
      "0": {
        "precision": 0.937827964397587,
        "recall": 0.9357364390657223,
        "f1": 0.9367810343102931,
        "support": 250204
      },
      "1": {
        "precision": 0.9346631245346884,
        "recall": 0.9360111469185044,
        "f1": 0.9353366500289058,
        "support": 245449
      }
    },
    "counts": {
      "nat_accepted": 495653
    },
    "confusion": {
      "labels": [
        0,
        1,
        2
      ],
      "matrix": [
        [
          234125,
          16060,
          19
        ],
        [
          15521,
          229743,
          185
        ],
        [
          0,
          0,
          0
        ]
      ],
      "total": 495653,
      "accuracy_from_confusion": 0.9358724753002604
    }
  },
  "attack": {
    "kind": "PGD",
    "steps": 5,
    "eps_z": 0.4,
    "alpha_z": 0.1
  }
}