{
  "tau_msp": 0.997219443321228,
  "tau_energy": 0.17934557795524597,
  "quantile": 0.995
}