{
  "scenario": "mixed_FGSM",
  "gate": "gate_conformal",
  "timestamp": "2025-09-28T09:57:21.077872+00:00",
  "threeclass_model": "LightGBM",
  "stream_counts": {
    "nat": 500000,
    "adv": 500000
  },
  "gate_stats": {
    "accept_rate_nat": 0.999564,
    "accept_rate_adv": 0.031074,
    "nat_block_rate": 0.000436
  },
  "three_class": {
    "accuracy": 0.9082742922345188,
    "f1_macro": 0.6221499996571233,
    "auc_ovr": 0.9145470322287069,
    "per_class": {
      "0": {
        "precision": 0.9378292095765689,
        "recall": 0.9357377232633518,
        "f1": 0.9367822990437322,
        "support": 250209
      },
      "1": {
        "precision": 0.8814929065443822,
        "recall": 0.9365957054649341,
        "f1": 0.9082092756247244,
        "support": 249573
      },
      "2": {
        "precision": 0.3481781376518219,
        "recall": 0.011070348201068418,
        "f1": 0.021458424302913105,
        "support": 15537
      }
    },
    "counts": {
      "total_accepted": 515319,
      "nat_accepted": 499782,
      "adv_accepted": 15537
    },
    "accepted_nat_calibration": {
      "ece": 0.04477239724589779,
      "brier": 0.05384124459701919
    },
    "adv_pred2_rate_accepted": 0.011070348201068418
  }
}