{
  "tau_msp": 0.9642688035964966,
  "tau_energy": -1.5503668785095215,
  "quantile": 0.995
}