{
  "samples": 50000,
  "accuracy": 0.59886,
  "precision": 0.5647745754125897,
  "recall": 0.8501765933536684,
  "f1": 0.6786921487272319,
  "balanced_accuracy": 0.5997015959911381,
  "mcc": 0.23029267743040546,
  "kappa": 0.1990663220972808,
  "confusion": {
    "tn": 8760,
    "fp": 16324,
    "fn": 3733,
    "tp": 21183
  },
  "specificity": 0.3492265986286079,
  "tpr": 0.8501765933536684,
  "tnr": 0.3492265986286079,
  "fpr": 0.6507734013713922,
  "fnr": 0.14982340664633167,
  "npv": 0.7011926678940207,
  "fdr": 0.4352254245874103,
  "for": 0.2988073321059794,
  "prevalence": 0.49832,
  "pred_pos_rate": 0.75014,
  "youden_j": 0.1994031919822763,
  "gmean": 0.5448892363871384,
  "threat_score": 0.5136517943743938,
  "f0_5": 0.6054223065666727,
  "f2": 0.772138425760547,
  "lr_plus": 1.3064095606275063,
  "lr_minus": 0.42901487811833144,
  "roc_auc": 0.7264293818971498,
  "pr_auc": 0.735013445102475,
  "brier": 0.27982644847709826,
  "log_loss_ce": 1.3895244470322434,
  "ece": 0.2540070896941853,
  "model": "Random_Forest",
  "attack": "PGD",
  "samples_evaluated": 50000,
  "timestamp": "2025-09-11T11:33:02.020900+00:00"
}