{
  "class": 0,
  "threshold_used": 0.45,
  "precision": 0.895013085478967,
  "recall": 0.930205,
  "f1": 0.9122697761999098,
  "specificity": 0.945442636393409,
  "balanced_accuracy": 0.9378238181967045,
  "auc_roc_ovr": 0.9765490024774938,
  "ap_pr": 0.9336866756993235,
  "confusion": {
    "tn": 378178,
    "fp": 21823,
    "fn": 13959,
    "tp": 186041
  }
}