{
  "samples": 600001,
  "accuracy": 0.9089101518164137,
  "precision_macro": 0.9149914343748629,
  "recall_macro": 0.908910231140511,
  "f1_macro": 0.9095244358734408,
  "balanced_accuracy": 0.908910231140511,
  "mcc": 0.8655168505719758,
  "kappa": 0.8633652432783482,
  "auc_ovr": 0.9655378386778537,
  "auc_ovo": 0.9655378457665321,
  "brier_mc": 0.05062213303562351,
  "log_loss_ce": 0.2846606957506055,
  "ece_macro": 0.010467407667863795
}