{
  "class": 2,
  "threshold_used": 0.16,
  "precision": 0.9952212650862559,
  "recall": 0.8757306213468933,
  "f1": 0.93166023474091,
  "specificity": 0.9978975,
  "balanced_accuracy": 0.9368140606734466,
  "auc_roc_ovr": 0.9549280594972026,
  "ap_pr": 0.9546492988584588,
  "confusion": {
    "tn": 399159,
    "fp": 841,
    "fn": 24854,
    "tp": 175147
  }
}