{
  "samples": 2099999,
  "accuracy": 0.909238528208823,
  "precision_macro": 0.9153216754616708,
  "recall_macro": 0.9092385052788171,
  "f1_macro": 0.9098397466448214,
  "balanced_accuracy": 0.9092385052788171,
  "mcc": 0.8660216050262515,
  "kappa": 0.8638577878720459,
  "auc_ovr": 0.9654577610803429,
  "auc_ovo": 0.965457759010306,
  "brier_mc": 0.050551004530054726,
  "log_loss_ce": 0.2844121362303445,
  "ece_macro": 0.010361917225057731
}