{
  "samples": 300000,
  "accuracy": 0.90897,
  "precision_macro": 0.9150683601735801,
  "recall_macro": 0.9089700000000001,
  "f1_macro": 0.9095701858917765,
  "balanced_accuracy": 0.9089700000000001,
  "mcc": 0.8656235488594304,
  "kappa": 0.863455,
  "auc_ovr": 0.9652081671500001,
  "auc_ovo": 0.9652081671500001,
  "brier_mc": 0.050680543234887104,
  "log_loss_ce": 0.28500385078631846,
  "ece_macro": 0.010396002881075643
}