{
  "class": 1,
  "threshold_used": 0.48000000000000004,
  "precision": 0.8523446158898411,
  "recall": 0.93437,
  "f1": 0.8914744768597033,
  "specificity": 0.9190677023307442,
  "balanced_accuracy": 0.9267188511653721,
  "auc_roc_ovr": 0.965136454058865,
  "ap_pr": 0.9142842398832514,
  "confusion": {
    "tn": 367628,
    "fp": 32373,
    "fn": 13126,
    "tp": 186874
  }
}