{
  "feature_importance_perm_auc_ovr": {
    "url_length": 0.5008305164250734,
    "digit_count": 0.14302542698318862,
    "special_char_count": 0.10563849845601174,
    "hostname_length": 0.47014628273132547,
    "path_length": 0.4922386165619405,
    "entropy": 0.003989245981921852,
    "num_tokens": 0.2838291189851459,
    "query_length": 0.21085020730847318,
    "dot_count": 0.13155618134304634,
    "semicolon_count": 0.0009431040219951559,
    "underscore_count": 0.0013317607554333606,
    "question_mark_count": 0.05731229326979359,
    "hash_char_count": 0.0011756174961730093,
    "equal_count": 0.14393828123054084,
    "percent_char_count": 0.0009796468458968348,
    "ampersand_count": 0.08316732957355155,
    "dash_count": 0.022760532197231138,
    "at_char_count": 0.0009430195277752388,
    "tilde_char_count": 0.0013977547172916438,
    "double_slash_count": 0.0012261697962908287,
    "digit_alphabet_ratio": 0.2458395264982753,
    "special_char_alphabet_ratio": 0.17326707757077744,
    "uppercase_lowercase_ratio": 0.001413942521242643,
    "domain_url_ratio": 0.3684531679648229,
    "ip_as_hostname": 0.04300612024954505,
    "exe_in_url": -8.959048523419592e-07,
    "https_in_url": 0.23933020963541982,
    "ftp_used": 0.0008724188147096005,
    "js_used": -9.314308275295188e-06,
    "css_used": 4.373704376299988e-06
  }
}