{
  "scenario": "mixed_PGD",
  "timestamp": "2025-09-28T08:52:34.673787+00:00",
  "attack_base_model": "Random_Forest",
  "threeclass_model": "Random_Forest",
  "lenient_tau_3c": 0.26304349303245544,
  "stream_counts": {
    "nat": 500000,
    "adv": 500000,
    "total": 1000000
  },
  "three_class": {
    "accuracy": 0.883832,
    "f1_macro": 0.8785784264836188,
    "auc_ovr": 0.9808569534289551,
    "per_class": {
      "0": {
        "precision": 0.8702292082851435,
        "recall": 0.9262216786766263,
        "f1": 0.8973528460825103,
        "support": 250209
      },
      "1": {
        "precision": 0.742691639681136,
        "recall": 0.9346894003386831,
        "f1": 0.8277022176450881,
        "support": 249791
      },
      "2": {
        "precision": 0.9982829588434774,
        "recall": 0.837212,
        "f1": 0.9106802157232581,
        "support": 500000
      }
    },
    "counts": {
      "total": 1000000,
      "nat": 500000,
      "adv": 500000
    },
    "adv_pred2_rate": 0.837212,
    "confusion": {
      "labels": [
        0,
        1,
        2
      ],
      "matrix": [
        [
          231749,
          18457,
          3
        ],
        [
          15597,
          233477,
          717
        ],
        [
          18962,
          62432,
          418606
        ]
      ],
      "total": 1000000,
      "accuracy_from_confusion": 0.883832
    }
  },
  "nat_only_slice": {
    "accuracy": 0.930452,
    "f1_macro": 0.9311241904048372,
    "per_class": {
      "0": {
        "precision": 0.936942582455346,
        "recall": 0.9262216786766263,
        "f1": 0.9315512857875009,
        "support": 250209
      },
      "1": {
        "precision": 0.9267387490374464,
        "recall": 0.9346894003386831,
        "f1": 0.9306970950221735,
        "support": 249791
      }
    },
    "counts": {
      "nat_total": 500000
    },
    "confusion": {
      "labels": [
        0,
        1,
        2
      ],
      "matrix": [
        [
          231749,
          18457,
          3
        ],
        [
          15597,
          233477,
          717
        ],
        [
          0,
          0,
          0
        ]
      ],
      "total": 500000,
      "accuracy_from_confusion": 0.930452
    }
  },
  "attack": {
    "kind": "PGD",
    "steps": 5,
    "eps_z": 0.4,
    "alpha_z": 0.1
  }
}