{
  "samples": 50000,
  "accuracy": 0.93436,
  "precision": 0.9331998398077693,
  "recall": 0.9352223470862097,
  "f1": 0.9342099987972577,
  "balanced_accuracy": 0.9343628877832579,
  "mcc": 0.8687214972491206,
  "kappa": 0.8687194706769058,
  "confusion": {
    "tn": 23416,
    "fp": 1668,
    "fn": 1614,
    "tp": 23302
  },
  "specificity": 0.9335034284803062,
  "tpr": 0.9352223470862097,
  "tnr": 0.9335034284803062,
  "fpr": 0.06649657151969383,
  "fnr": 0.06477765291379034,
  "npv": 0.935517379145026,
  "fdr": 0.06680016019223067,
  "for": 0.06448262085497403,
  "prevalence": 0.49832,
  "pred_pos_rate": 0.4994,
  "youden_j": 0.8687257755665159,
  "gmean": 0.934362492502977,
  "threat_score": 0.8765422810713211,
  "f0_5": 0.9336036411423443,
  "f2": 0.934817144599387,
  "lr_plus": 14.064219037356404,
  "lr_minus": 0.06939198179405179,
  "roc_auc": 0.9747379556016236,
  "pr_auc": 0.9791340667266417,
  "brier": 0.053427563426968576,
  "log_loss_ce": 0.18134331507891774,
  "ece": 0.0036453351337462645,
  "model": "DL-MLP",
  "attack": "NAT",
  "samples_evaluated": 50000,
  "timestamp": "2025-09-11T11:31:29.604952+00:00"
}