{
  "scenario": "mixed_FGSM",
  "gate": "gate_conformal",
  "timestamp": "2025-09-28T08:50:40.924682+00:00",
  "threeclass_model": "Random_Forest",
  "stream_counts": {
    "nat": 500000,
    "adv": 500000
  },
  "gate_stats": {
    "accept_rate_nat": 0.999564,
    "accept_rate_adv": 0.026494,
    "nat_block_rate": 0.000436
  },
  "three_class": {
    "accuracy": 0.9067167742954102,
    "f1_macro": 0.6186342992814373,
    "auc_ovr": 0.9577255313545178,
    "per_class": {
      "0": {
        "precision": 0.936942582455346,
        "recall": 0.9262216786766263,
        "f1": 0.9315512857875009,
        "support": 250209
      },
      "1": {
        "precision": 0.8807700003397727,
        "recall": 0.9348006394922528,
        "f1": 0.9069813550624349,
        "support": 249573
      },
      "2": {
        "precision": 0.1525,
        "recall": 0.009209632369593115,
        "f1": 0.017370256994376023,
        "support": 13247
      }
    },
    "counts": {
      "total_accepted": 513029,
      "nat_accepted": 499782,
      "adv_accepted": 13247
    },
    "accepted_nat_calibration": {
      "ece": 0.10300338007217073,
      "brier": 0.0694450266228181
    },
    "adv_pred2_rate_accepted": 0.009209632369593115
  }
}