{
  "meta": {
    "base_model": "Random_Forest",
    "attack": "FGSM",
    "tau": 0.045270271599292755,
    "seed": 42,
    "generated_at": "2025-09-12T05:46:26.936141+00:00",
    "dims": 30,
    "notes": "Sample-level trace of NAT/ADV through attack\u2192defense\u2192base pipeline."
  },
  "nat_samples": [
    {
      "global_index": 1048138,
      "true_label": 0,
      "z_before": {
        "values": [
          -0.9105770587921143,
          -0.43302619457244873,
          -0.28786027431488037,
          0.25802990794181824,
          -1.5825436115264893,
          -0.32734864950180054,
          -1.186875343322754,
          -0.34794536232948303,
          -0.238382026553154,
          0.0,
          0.0,
          -0.38252851366996765,
          0.0,
          -0.35048431158065796,
          0.0,
          -0.28786027431488037,
          -0.30762508511543274,
          0.0,
          0.0,
          0.0,
          -0.31207001209259033,
          -0.2915782630443573,
          0.0,
          1.828776240348816,
          -0.22962790727615356,
          -0.007071246858686209,
          0.9214245080947876,
          0.0,
          -0.03717402368783951,
          -0.007746201939880848
        ],
        "truncated": false,
        "total_dim": 30
      },
      "defense": {
        "p_adv": 0.005545524880290031,
        "tau": 0.045270271599292755,
        "decision": "accept"
      },
      "base": {
        "prob_pre": 0.0,
        "pred_pre": 0,
        "prob_post": 0.0,
        "pred_post": 0,
        "flipped": false
      }
    },
    {
      "global_index": 1648871,
      "true_label": 1,
      "z_before": {
        "values": [
          0.17452296614646912,
          -0.43302619457244873,
          -0.28786027431488037,
          1.5869747400283813,
          -0.33213287591934204,
          -0.28391969203948975,
          0.59312903881073,
          -0.34794536232948303,
          1.7708630561828613,
          0.0,
          0.0,
          -0.38252851366996765,
          0.0,
          -0.35048431158065796,
          0.0,
          -0.28786027431488037,
          -0.30762508511543274,
          0.0,
          0.0,
          0.0,
          -0.31207001209259033,
          -0.2915782630443573,
          0.0,
          1.0169671773910522,
          -0.22962790727615356,
          -0.007071246858686209,
          0.9214245080947876,
          0.0,
          -0.03717402368783951,
          -0.007746201939880848
        ],
        "truncated": false,
        "total_dim": 30
      },
      "defense": {
        "p_adv": 0.005545524880290031,
        "tau": 0.045270271599292755,
        "decision": "accept"
      },
      "base": {
        "prob_pre": 1.0,
        "pred_pre": 1,
        "prob_post": 1.0,
        "pred_post": 1,
        "flipped": false
      }
    }
  ],
  "adv_samples": [
    {
      "global_index": 207948,
      "true_label": 0,
      "z_before": {
        "values": [
          -0.8072341680526733,
          -0.43302619457244873,
          -0.28786027431488037,
          0.5533509850502014,
          -1.5825436115264893,
          -0.2928661108016968,
          -0.7418742179870605,
          -0.34794536232948303,
          0.7662404775619507,
          0.0,
          0.0,
          -0.38252851366996765,
          0.0,
          -0.35048431158065796,
          0.0,
          -0.28786027431488037,
          -0.30762508511543274,
          0.0,
          0.0,
          0.0,
          -0.31207001209259033,
          -0.2915782630443573,
          0.0,
          1.9451649188995361,
          -0.22962790727615356,
          -0.007071246858686209,
          0.9214245080947876,
          0.0,
          -0.03717402368783951,
          -0.007746201939880848
        ],
        "truncated": false,
        "total_dim": 30
      },
      "z_after_attack": {
        "values": [
          -0.7072341442108154,
          -0.43302619457244873,
          -0.28786027431488037,
          0.6533510088920593,
          -1.4825435876846313,
          -0.19286611676216125,
          -0.6418741941452026,
          -0.34794536232948303,
          0.8662405014038086,
          0.0,
          0.0,
          -0.38252851366996765,
          0.0,
          -0.25048431754112244,
          0.0,
          -0.28786027431488037,
          -0.20762509107589722,
          0.0,
          0.0,
          0.0,
          -0.31207001209259033,
          -0.2915782630443573,
          0.0,
          1.8451648950576782,
          -0.22962790727615356,
          -0.007071246858686209,
          0.8214244842529297,
          0.0,
          -0.03717402368783951,
          -0.007746201939880848
        ],
        "truncated": false,
        "total_dim": 30
      },
      "delta_norms": {
        "l_inf": 0.10000002384185791,
        "l2": 0.3162277936935425,
        "l1": 1.0000001192092896
      },
      "defense": {
        "p_adv_pre": 1.0,
        "p_adv_post": 1.0,
        "tau": 0.045270271599292755,
        "decision_post": "reject"
      },
      "base": {
        "prob_pre": 0.0,
        "pred_pre": 0,
        "prob_post": null,
        "pred_post": null,
        "flipped": false
      }
    },
    {
      "global_index": 1175882,
      "true_label": 0,
      "z_before": {
        "values": [
          -0.44553419947624207,
          -0.43302619457244873,
          -0.28786027431488037,
          -0.4802727699279785,
          -0.12373106926679611,
          -0.18783265352249146,
          -0.29687315225601196,
          -0.34794536232948303,
          -0.238382026553154,
          0.0,
          0.0,
          -0.38252851366996765,
          0.0,
          -0.35048431158065796,
          0.0,
          -0.28786027431488037,
          -0.30762508511543274,
          0.0,
          0.0,
          0.0,
          -0.31207001209259033,
          -0.2915782630443573,
          0.0,
          -0.1532728374004364,
          -0.22962790727615356,
          -0.007071246858686209,
          0.9214245080947876,
          0.0,
          -0.03717402368783951,
          -0.007746201939880848
        ],
        "truncated": false,
        "total_dim": 30
      },
      "z_after_attack": {
        "values": [
          -0.5455341935157776,
          -0.43302619457244873,
          -0.28786027431488037,
          -0.380272775888443,
          -0.22373107075691223,
          -0.287832647562027,
          -0.19687315821647644,
          -0.2479453682899475,
          -0.3383820354938507,
          0.0,
          0.0,
          -0.28252851963043213,
          0.0,
          -0.25048431754112244,
          0.0,
          -0.28786027431488037,
          -0.20762509107589722,
          0.0,
          0.0,
          0.0,
          -0.2120700180530548,
          -0.19157826900482178,
          0.0,
          -0.2532728314399719,
          -0.12962791323661804,
          -0.007071246858686209,
          0.8214244842529297,
          0.0,
          -0.03717402368783951,
          -0.007746201939880848
        ],
        "truncated": false,
        "total_dim": 30
      },
      "delta_norms": {
        "l_inf": 0.10000002384185791,
        "l2": 0.3872983157634735,
        "l1": 1.5
      },
      "defense": {
        "p_adv_pre": 1.0,
        "p_adv_post": 1.0,
        "tau": 0.045270271599292755,
        "decision_post": "reject"
      },
      "base": {
        "prob_pre": 0.19559749960899353,
        "pred_pre": 0,
        "prob_post": null,
        "pred_post": null,
        "flipped": false
      }
    },
    {
      "global_index": 1795484,
      "true_label": 1,