{
  "scenario": "mixed_PGD",
  "timestamp": "2025-09-28T08:46:50.144981+00:00",
  "attack_base_model": "DL-MLP",
  "threeclass_model": "DL-MLP",
  "lenient_tau_3c": 0.26304349303245544,
  "stream_counts": {
    "nat": 500000,
    "adv": 500000,
    "total": 1000000
  },
  "three_class": {
    "accuracy": 0.954472,
    "f1_macro": 0.9441229582744904,
    "auc_ovr": 0.9923769757044342,
    "per_class": {
      "0": {
        "precision": 0.9321993176685407,
        "recall": 0.9304221670683309,
        "f1": 0.931309894567559,
        "support": 250209
      },
      "1": {
        "precision": 0.8925758958052609,
        "recall": 0.9360985784115521,
        "f1": 0.91381931444695,
        "support": 249791
      },
      "2": {
        "precision": 0.9990702379904034,
        "recall": 0.975686,
        "f1": 0.9872396658089623,
        "support": 500000
      }
    },
    "counts": {
      "total": 1000000,
      "nat": 500000,
      "adv": 500000
    },
    "adv_pred2_rate": 0.975686,
    "confusion": {
      "labels": [
        0,
        1,
        2
      ],
      "matrix": [
        [
          232800,
          17146,
          263
        ],
        [
          15771,
          233829,
          191
        ],
        [
          1161,
          10996,
          487843
        ]
      ],
      "total": 1000000,
      "accuracy_from_confusion": 0.954472
    }
  },
  "nat_only_slice": {
    "accuracy": 0.933258,
    "f1_macro": 0.9336814866459662,
    "per_class": {
      "0": {
        "precision": 0.9365533388850671,
        "recall": 0.9304221670683309,
        "f1": 0.9334776855527487,
        "support": 250209
      },
      "1": {
        "precision": 0.9316824384898894,
        "recall": 0.9360985784115521,
        "f1": 0.9338852877391836,
        "support": 249791
      }
    },
    "counts": {
      "nat_total": 500000
    },
    "confusion": {
      "labels": [
        0,
        1,
        2
      ],
      "matrix": [
        [
          232800,
          17146,
          263
        ],
        [
          15771,
          233829,
          191
        ],
        [
          0,
          0,
          0
        ]
      ],
      "total": 500000,
      "accuracy_from_confusion": 0.933258
    }
  },
  "attack": {
    "kind": "PGD",
    "steps": 5,
    "eps_z": 0.4,
    "alpha_z": 0.1
  }
}