{
  "samples": 600001,
  "accuracy": 0.9191634680608866,
  "precision_macro": 0.9231483987610744,
  "recall_macro": 0.9191635094407861,
  "f1_macro": 0.9198122133983047,
  "balanced_accuracy": 0.9191635094407861,
  "mcc": 0.8799597349168284,
  "kappa": 0.8787452124107515,
  "auc_ovr": 0.972123004624356,
  "auc_ovo": 0.9721230039218273,
  "brier_mc": 0.04482517003095569,
  "log_loss_ce": 0.25367397629453287,
  "ece_macro": 0.0049990950136993145
}