{
  "class": 0,
  "threshold_used": 0.59,
  "precision": 0.9101812275183165,
  "recall": 0.92737,
  "f1": 0.9186952203815473,
  "specificity": 0.954242614393464,
  "balanced_accuracy": 0.9408063071967321,
  "auc_roc_ovr": 0.9794651770933073,
  "ap_pr": 0.942348050648457,
  "confusion": {
    "tn": 381698,
    "fp": 18303,
    "fn": 14526,
    "tp": 185474
  }
}