{
  "class": 1,
  "threshold_used": 0.47000000000000003,
  "precision": 0.8672651580342815,
  "recall": 0.932245,
  "f1": 0.8985818764533657,
  "specificity": 0.9286601783495542,
  "balanced_accuracy": 0.930452589174777,
  "auc_roc_ovr": 0.9694620777010559,
  "ap_pr": 0.9253208307070937,
  "confusion": {
    "tn": 371465,
    "fp": 28536,
    "fn": 13551,
    "tp": 186449
  }
}