{
  "samples": 300000,
  "accuracy": 0.91929,
  "precision_macro": 0.9231893774351487,
  "recall_macro": 0.91929,
  "f1_macro": 0.9199266702715189,
  "balanced_accuracy": 0.91929,
  "mcc": 0.8801206999205989,
  "kappa": 0.878935,
  "auc_ovr": 0.9719350881666667,
  "auc_ovo": 0.9719350881666667,
  "brier_mc": 0.04482575972096851,
  "log_loss_ce": 0.25395626218120043,
  "ece_macro": 0.0049961255367669734
}