{
  "samples": 2099999,
  "accuracy": 0.927858060884791,
  "precision_macro": 0.9311777530699307,
  "recall_macro": 0.9278580513060598,
  "f1_macro": 0.9284311412203982,
  "balanced_accuracy": 0.9278580513060598,
  "mcc": 0.892778787287878,
  "kappa": 0.89178708896337,
  "auc_ovr": 0.9833534627724655,
  "auc_ovo": 0.9833534636258513,
  "brier_mc": 0.0383469363907394,
  "log_loss_ce": 0.21524211819119213,
  "ece_macro": 0.015340182305505884
}