{
  "class": 2,
  "threshold_used": 0.36000000000000004,
  "precision": 0.9913317052779794,
  "recall": 0.9011754941225294,
  "f1": 0.9441061462024604,
  "specificity": 0.99606,
  "balanced_accuracy": 0.9486177470612647,
  "auc_roc_ovr": 0.9674417590787048,
  "ap_pr": 0.9676350178121752,
  "confusion": {
    "tn": 398424,
    "fp": 1576,
    "fn": 19765,
    "tp": 180236
  }
}