{
  "meta": {
    "base_model": "LightGBM",
    "attack": "PGD",
    "tau": 0.045270271599292755,
    "seed": 42,
    "generated_at": "2025-09-12T05:53:18.205816+00:00",
    "dims": 30,
    "notes": "Sample-level trace of NAT/ADV through attack\u2192defense\u2192base pipeline."
  },
  "nat_samples": [
    {
      "global_index": 767251,
      "true_label": 1,
      "z_before": {
        "values": [
          1.6729943752288818,
          2.7246663570404053,
          4.228376388549805,
          -0.9232544302940369,
          -0.8531373143196106,
          1.5446102619171143,
          1.0381301641464233,
          3.583207368850708,
          -1.243004560470581,
          0.0,
          0.0,
          2.6141841411590576,
          0.0,
          3.7708027362823486,
          0.0,
          4.228376388549805,
          2.5402069091796875,
          0.0,
          0.0,
          0.0,
          1.002225399017334,
          5.400664806365967,
          0.0,
          -1.8306456804275513,
          -0.22962790727615356,
          -0.007071246858686209,
          -1.0852760076522827,
          0.0,
          -0.03717402368783951,
          -0.007746201939880848
        ],
        "truncated": false,
        "total_dim": 30
      },
      "defense": {
        "p_adv": 0.19523100554943085,
        "tau": 0.045270271599292755,
        "decision": "reject"
      },
      "base": {
        "prob_pre": 0.999999463558197,
        "pred_pre": 1,
        "prob_post": null,
        "pred_post": null,
        "flipped": false
      }
    },
    {
      "global_index": 611606,
      "true_label": 1,
      "z_before": {
        "values": [
          2.2930514812469482,
          3.0117292404174805,
          4.228376388549805,
          -0.18495170772075653,
          -0.8531373143196106,
          2.612116813659668,
          1.4831311702728271,
          4.122777462005615,
          -0.238382026553154,
          0.0,
          0.0,
          2.6141841411590576,
          0.0,
          3.7708027362823486,
          0.0,
          4.228376388549805,
          2.5402069091796875,
          0.0,
          0.0,
          0.0,
          0.9077103734016418,
          4.5510759353637695,
          0.0,
          -1.6132359504699707,
          -0.22962790727615356,
          -0.007071246858686209,
          -1.0852760076522827,
          0.0,
          -0.03717402368783951,
          -0.007746201939880848
        ],
        "truncated": false,
        "total_dim": 30
      },
      "defense": {
        "p_adv": 0.19523100554943085,
        "tau": 0.045270271599292755,
        "decision": "reject"
      },
      "base": {
        "prob_pre": 0.9999992847442627,
        "pred_pre": 1,
        "prob_post": null,
        "pred_post": null,
        "flipped": false
      }
    }
  ],
  "adv_samples": [
    {
      "global_index": 352160,
      "true_label": 0,
      "z_before": {
        "values": [
          -0.2388484627008438,
          -0.43302619457244873,
          -0.28786027431488037,
          0.8486720323562622,
          -0.64473557472229,
          0.20957937836647034,
          -0.7418742179870605,
          -0.34794536232948303,
          -0.238382026553154,
          0.0,
          0.0,
          -0.38252851366996765,
          0.0,
          -0.35048431158065796,
          0.0,
          -0.28786027431488037,
          -0.30762508511543274,
          0.0,
          0.0,
          0.0,
          -0.31207001209259033,
          -0.2915782630443573,
          0.0,
          0.9858261346817017,
          -0.22962790727615356,
          -0.007071246858686209,
          0.9214245080947876,
          0.0,
          -0.03717402368783951,
          -0.007746201939880848
        ],
        "truncated": false,
        "total_dim": 30
      },
      "z_after_attack": {
        "values": [
          -0.6388484835624695,
          -0.3330262005329132,
          -0.28786027431488037,
          0.7486720085144043,
          -1.0447355508804321,
          -0.19042062759399414,
          -0.34187421202659607,
          -0.2479453682899475,
          -0.6383820176124573,
          0.0,
          0.0,
          0.017471492290496826,
          0.0,
          -0.050484322011470795,
          0.0,
          -0.28786027431488037,
          0.09237492084503174,
          0.0,
          0.0,
          0.0,
          -0.31207001209259033,
          -0.2915782630443573,
          0.0,
          0.5858261585235596,
          -0.12962791323661804,
          -0.007071246858686209,
          0.5214245319366455,
          0.0,
          -0.03717402368783951,
          -0.007746201939880848
        ],
        "truncated": false,
        "total_dim": 30
      },
      "delta_norms": {
        "l_inf": 0.40000003576278687,
        "l2": 1.2529963254928589,
        "l1": 4.299999713897705
      },
      "defense": {
        "p_adv_pre": 1.0,
        "p_adv_post": 1.0,
        "tau": 0.045270271599292755,
        "decision_post": "reject"
      },
      "base": {
        "prob_pre": 0.02461009845137596,
        "pred_pre": 0,
        "prob_post": null,
        "pred_post": null,
        "flipped": true
      }
    },
    {
      "global_index": 1397127,
      "true_label": 0,
      "z_before": {
        "values": [
          -0.44553419947624207,
          -0.43302619457244873,
          -0.28786027431488037,
          -0.6279333233833313,
          0.08467073738574982,
          -0.4886839687824249,
          -0.29687315225601196,
          -0.34794536232948303,
          -0.238382026553154,
          0.0,
          0.0,
          -0.38252851366996765,
          0.0,
          -0.35048431158065796,
          0.0,
          -0.28786027431488037,
          -0.30762508511543274,
          0.0,
          0.0,
          0.0,
          -0.31207001209259033,
          -0.2915782630443573,
          0.0,
          -0.32536688446998596,
          -0.22962790727615356,
          -0.007071246858686209,
          -1.0852760076522827,
          0.0,
          -0.03717402368783951,
          -0.007746201939880848
        ],
        "truncated": false,
        "total_dim": 30
      },
      "z_after_attack": {
        "values": [
          -0.5455341935157776,
          -0.13302621245384216,
          -0.18786028027534485,
          -0.22793331742286682,
          -0.31532925367355347,
          -0.8886839747428894,
          0.10312685370445251,
          0.052054643630981445,
          -0.6383820176124573,
          0.0,
          0.0,
          0.017471492290496826,
          0.0,
          0.04951569437980652,
          0.0,
          -0.08786027878522873,
          0.09237492084503174,
          0.0,
          0.0,
          0.0,
          0.08792999386787415,
          0.10842174291610718,
          0.0,
          -0.7253668904304504,
          0.1703720986843109,
          -0.007071246858686209,
          -1.0852760076522827,
          0.0,
          -0.03717402368783951,
          -0.007746201939880848
        ],
        "truncated": false,
        "total_dim": 30
      },
      "delta_norms": {
        "l_inf": 0.4000000059604645,
        "l2": 1.4933184385299683,
        "l1": 5.900000095367432
      },
      "defense": {
        "p_adv_pre": 1.0,
        "p_adv_post": 1.0,
        "tau": 0.045270271599292755,
        "decision_post": "reject"
      },
      "base": {
        "prob_pre": 0.7674279808998108,
        "pred_pre": 1,
        "prob_post": null,
        "pred_post": null,
        "flipped": false
      }
    },
    {
      "global_index": 1047161,
      "true_label": 0,