{
  "meta": {
    "base_model": "Random_Forest",
    "attack": "PGD",
    "tau": 0.045270271599292755,
    "seed": 42,
    "generated_at": "2025-09-12T05:48:28.828096+00:00",
    "dims": 30,
    "notes": "Sample-level trace of NAT/ADV through attack\u2192defense\u2192base pipeline."
  },
  "nat_samples": [
    {
      "global_index": 1564225,
      "true_label": 1,
      "z_before": {
        "values": [
          -0.5488770604133606,
          -0.43302619457244873,
          -0.28786027431488037,
          0.25802990794181824,
          -0.7489364743232727,
          -0.4250960350036621,
          -0.29687315225601196,
          -0.34794536232948303,
          0.7662404775619507,
          0.0,
          0.0,
          -0.38252851366996765,
          0.0,
          -0.35048431158065796,
          0.0,
          -0.28786027431488037,
          -0.30762508511543274,
          0.0,
          0.0,
          0.0,
          -0.31207001209259033,
          -0.2915782630443573,
          0.0,
          0.9079739451408386,
          -0.22962790727615356,
          -0.007071246858686209,
          -1.0852760076522827,
          0.0,
          -0.03717402368783951,
          -0.007746201939880848
        ],
        "truncated": false,
        "total_dim": 30
      },
      "defense": {
        "p_adv": 0.015982450917363167,
        "tau": 0.045270271599292755,
        "decision": "accept"
      },
      "base": {
        "prob_pre": 1.0,
        "pred_pre": 1,
        "prob_post": 1.0,
        "pred_post": 1,
        "flipped": false
      }
    },
    {
      "global_index": 1348810,
      "true_label": 0,
      "z_before": {
        "values": [
          -0.44553419947624207,
          -0.43302619457244873,
          -0.28786027431488037,
          0.7010114789009094,
          -0.9573382139205933,
          -0.33993420004844666,
          -0.29687315225601196,
          -0.34794536232948303,
          0.7662404775619507,
          0.0,
          0.0,
          -0.38252851366996765,
          0.0,
          -0.35048431158065796,
          0.0,
          -0.28786027431488037,
          -0.30762508511543274,
          0.0,
          0.0,
          0.0,
          -0.31207001209259033,
          -0.2915782630443573,
          0.0,
          1.2234797477722168,
          -0.22962790727615356,
          -0.007071246858686209,
          0.9214245080947876,
          0.0,
          -0.03717402368783951,
          -0.007746201939880848
        ],
        "truncated": false,
        "total_dim": 30
      },
      "defense": {
        "p_adv": 0.012500989250838757,
        "tau": 0.045270271599292755,
        "decision": "accept"
      },
      "base": {
        "prob_pre": 0.1046818345785141,
        "pred_pre": 0,
        "prob_post": 0.1046818345785141,
        "pred_post": 0,
        "flipped": false
      }
    }
  ],
  "adv_samples": [
    {
      "global_index": 891176,
      "true_label": 1,
      "z_before": {
        "values": [
          -0.34219130873680115,
          -0.43302619457244873,
          -0.28786027431488037,
          -0.7755938768386841,
          0.397273451089859,
          0.2592288851737976,
          0.148127943277359,
          -0.34794536232948303,
          -0.238382026553154,
          0.0,
          0.0,
          -0.38252851366996765,
          0.0,
          -0.35048431158065796,
          0.0,
          -0.28786027431488037,
          2.5402069091796875,
          0.0,
          0.0,
          0.0,
          -0.31207001209259033,
          -0.2915782630443573,
          0.0,
          -0.6179270148277283,
          -0.22962790727615356,
          -0.007071246858686209,
          -1.0852760076522827,
          0.0,
          -0.03717402368783951,
          -0.007746201939880848
        ],
        "truncated": false,
        "total_dim": 30
      },
      "z_after_attack": {
        "values": [
          0.05780869722366333,
          -0.43302619457244873,
          -0.28786027431488037,
          -0.4755938649177551,
          0.7972734570503235,
          0.15922889113426208,
          -0.25187206268310547,
          -0.34794536232948303,
          0.061617977917194366,
          0.0,
          0.0,
          -0.38252851366996765,
          0.0,
          -0.35048431158065796,
          0.0,
          -0.28786027431488037,
          2.140206813812256,
          0.0,
          0.0,
          0.0,
          -0.31207001209259033,
          -0.2915782630443573,
          0.0,
          -0.2179270088672638,
          -0.22962790727615356,
          0.39292874932289124,
          -0.6852760314941406,
          0.0,
          0.36282598972320557,
          0.3922538161277771
        ],
        "truncated": false,
        "total_dim": 30
      },
      "delta_norms": {
        "l_inf": 0.40000009536743164,
        "l2": 1.276714563369751,
        "l1": 4.300000190734863
      },
      "defense": {
        "p_adv_pre": 1.0,
        "p_adv_post": 1.0,
        "tau": 0.045270271599292755,
        "decision_post": "reject"
      },
      "base": {
        "prob_pre": 1.0,
        "pred_pre": 1,
        "prob_post": null,
        "pred_post": null,
        "flipped": false
      }
    },
    {
      "global_index": 1131573,
      "true_label": 0,
      "z_before": {
        "values": [
          -0.6522198915481567,
          -0.43302619457244873,
          -0.28786027431488037,
          -1.6615570783615112,
          0.29307255148887634,
          -0.7904454469680786,
          -0.7418742179870605,
          -0.34794536232948303,
          -1.243004560470581,
          0.0,
          0.0,
          -0.38252851366996765,
          0.0,
          -0.35048431158065796,
          0.0,
          -0.28786027431488037,
          -0.30762508511543274,
          0.0,
          0.0,
          0.0,
          -0.31207001209259033,
          -0.2915782630443573,
          0.0,
          -1.368054747581482,
          -0.22962790727615356,
          -0.007071246858686209,
          0.9214245080947876,
          0.0,
          -0.03717402368783951,
          -0.007746201939880848
        ],
        "truncated": false,
        "total_dim": 30
      },
      "z_after_attack": {
        "values": [
          -1.0522198677062988,
          -0.03302618861198425,
          0.1121397316455841,
          -1.7615571022033691,
          -0.10692745447158813,
          -1.1904454231262207,
          -1.1418741941452026,
          0.052054643630981445,
          -1.243004560470581,
          0.0,
          0.0,
          0.017471492290496826,
          0.0,
          0.04951569437980652,
          0.0,
          0.11213972419500351,
          0.09237492084503174,
          0.0,
          0.0,
          0.0,
          0.08792999386787415,
          0.10842174291610718,
          0.0,
          -1.768054723739624,
          0.1703720986843109,
          -0.007071246858686209,
          0.5214245319366455,
          0.0,
          -0.03717402368783951,
          -0.007746201939880848
        ],
        "truncated": false,
        "total_dim": 30
      },
      "delta_norms": {
        "l_inf": 0.4000000059604645,
        "l2": 1.6031218767166138,
        "l1": 6.5
      },
      "defense": {
        "p_adv_pre": 1.0,
        "p_adv_post": 1.0,
        "tau": 0.045270271599292755,
        "decision_post": "reject"
      },
      "base": {
        "prob_pre": 0.0,
        "pred_pre": 0,
        "prob_post": null,
        "pred_post": null,
        "flipped": true
      }
    },
    {
      "global_index": 1364851,
      "true_label": 0,