{
  "samples": 398969,
  "accuracy": 0.9820462241427279,
  "precision": 0.9997811246026369,
  "recall": 0.9642105051540693,
  "f1": 0.9816736981878376,
  "balanced_accuracy": 0.9820002525770346,
  "mcc": 0.964696642365774,
  "kappa": 0.9640889153307802,
  "roc_auc": 0.995530493456267,
  "pr_auc": 0.996765634826495,
  "specificity": 0.99979,
  "confusion": {
    "tn": 199958,
    "fp": 42,
    "fn": 7121,
    "tp": 191848
  },
  "brier": 0.015203698163723899,
  "log_loss_ce": 0.061150231714807206,
  "ece": 0.012212202150670239,
  "split": "val",
  "timestamp": "2025-09-11T12:07:01.310024+00:00"
}