{
  "samples": 797981,
  "accuracy": 0.9818604703620762,
  "precision": 0.9997706433973969,
  "recall": 0.9638500330417784,
  "f1": 0.9814817894668163,
  "balanced_accuracy": 0.9818150165208892,
  "mcc": 0.9643370150013477,
  "kappa": 0.96371741854023,
  "roc_auc": 0.9955072883316038,
  "pr_auc": 0.9967509349883327,
  "specificity": 0.99978,
  "confusion": {
    "tn": 399912,
    "fp": 88,
    "fn": 14387,
    "tp": 383594
  },
  "brier": 0.015307814304715324,
  "log_loss_ce": 0.06138775099126993,
  "ece": 0.012296248250624536,
  "split": "test",
  "timestamp": "2025-09-11T12:08:10.749265+00:00"
}