{
  "samples": 50000,
  "accuracy": 0.56694,
  "precision": 0.542078250328837,
  "recall": 0.8435543425911061,
  "f1": 0.6600197836361067,
  "balanced_accuracy": 0.5678663117835134,
  "mcc": 0.16263920279861166,
  "kappa": 0.1354803048000115,
  "confusion": {
    "tn": 7329,
    "fp": 17755,
    "fn": 3898,
    "tp": 21018
  },
  "specificity": 0.2921782809759209,
  "tpr": 0.8435543425911061,
  "tnr": 0.2921782809759209,
  "fpr": 0.7078217190240791,
  "fnr": 0.15644565740889388,
  "npv": 0.6528012826222499,
  "fdr": 0.45792174967116295,
  "for": 0.34719871737775004,
  "prevalence": 0.49832,
  "pred_pos_rate": 0.77546,
  "youden_j": 0.13573262356702687,
  "gmean": 0.4964556956346079,
  "threat_score": 0.4925593494410724,
  "f0_5": 0.5838073863383849,
  "f2": 0.7591178658884546,
  "lr_plus": 1.1917610323601975,
  "lr_minus": 0.5354458821728332,
  "roc_auc": 0.5262809655015881,
  "pr_auc": 0.5665296829190629,
  "brier": 0.4057004018657216,
  "log_loss_ce": 4.34008524048312,
  "ece": 0.4047436937026069,
  "model": "LightGBM",
  "attack": "FGSM",
  "samples_evaluated": 50000,
  "timestamp": "2025-09-11T11:34:13.674928+00:00"
}