{
  "meta": {
    "base_model": "DL-MLP",
    "attack": "PGD",
    "tau": 0.045270271599292755,
    "seed": 42,
    "generated_at": "2025-09-12T05:43:55.545214+00:00",
    "dims": 30,
    "notes": "Sample-level trace of NAT/ADV through attack\u2192defense\u2192base pipeline."
  },
  "nat_samples": [
    {
      "global_index": 316005,
      "true_label": 0,
      "z_before": {
        "values": [
          -0.2388484627008438,
          -0.43302619457244873,
          -0.28786027431488037,
          -0.3326122462749481,
          0.18887163698673248,
          -0.45662128925323486,
          -0.7418742179870605,
          -0.34794536232948303,
          -1.243004560470581,
          0.0,
          0.0,
          -0.38252851366996765,
          0.0,
          -0.35048431158065796,
          0.0,
          -0.28786027431488037,
          -0.30762508511543274,
          0.0,
          0.0,
          0.0,
          -0.31207001209259033,
          -0.2915782630443573,
          0.0,
          -0.2598072588443756,
          -0.22962790727615356,
          -0.007071246858686209,
          0.9214245080947876,
          0.0,
          -0.03717402368783951,
          -0.007746201939880848
        ],
        "truncated": false,
        "total_dim": 30
      },
      "defense": {
        "p_adv": 0.015982450917363167,
        "tau": 0.045270271599292755,
        "decision": "accept"
      },
      "base": {
        "prob_pre": 0.10324996709823608,
        "pred_pre": 0,
        "prob_post": 0.10324996709823608,
        "pred_post": 0,
        "flipped": false
      }
    },
    {
      "global_index": 702828,
      "true_label": 1,
      "z_before": {
        "values": [
          -0.44553419947624207,
          -0.43302619457244873,
          -0.28786027431488037,
          -1.5138964653015137,
          0.605675220489502,
          -0.3484954237937927,
          -0.29687315225601196,
          -0.34794536232948303,
          -1.243004560470581,
          0.0,
          0.0,
          -0.38252851366996765,
          0.0,
          -0.35048431158065796,
          0.0,
          -0.28786027431488037,
          -0.30762508511543274,
          0.0,
          0.0,
          0.0,
          -0.31207001209259033,
          -0.2915782630443573,
          0.0,
          -1.3579314947128296,
          -0.22962790727615356,
          -0.007071246858686209,
          0.9214245080947876,
          0.0,
          -0.03717402368783951,
          -0.007746201939880848
        ],
        "truncated": false,
        "total_dim": 30
      },
      "defense": {
        "p_adv": 0.017322411760687828,
        "tau": 0.045270271599292755,
        "decision": "accept"
      },
      "base": {
        "prob_pre": 0.06279308348894119,
        "pred_pre": 0,
        "prob_post": 0.06279308348894119,
        "pred_post": 0,
        "flipped": false
      }
    }
  ],
  "adv_samples": [
    {
      "global_index": 988819,
      "true_label": 1,
      "z_before": {
        "values": [
          0.48455148935317993,
          -0.43302619457244873,
          -0.28786027431488037,
          0.25802990794181824,
          1.3350815773010254,
          0.8766871094703674,
          0.59312903881073,
          -0.34794536232948303,
          -0.238382026553154,
          0.0,
          0.0,
          -0.38252851366996765,
          0.0,
          -0.35048431158065796,
          0.0,
          -0.28786027431488037,
          2.5402069091796875,
          0.0,
          0.0,
          0.0,
          -0.31207001209259033,
          -0.2915782630443573,
          0.0,
          -0.4544375538825989,
          -0.22962790727615356,
          -0.007071246858686209,
          -1.0852760076522827,
          0.0,
          -0.03717402368783951,
          -0.007746201939880848
        ],
        "truncated": false,
        "total_dim": 30
      },
      "z_after_attack": {
        "values": [
          0.8845515251159668,
          -0.03302618861198425,
          0.1121397316455841,
          0.6580299139022827,
          1.6350816488265991,
          1.2766871452331543,
          0.1931290328502655,
          0.052054643630981445,
          0.16161797940731049,
          0.0,
          0.0,
          -0.38252851366996765,
          0.0,
          -0.050484322011470795,
          0.0,
          0.11213972419500351,
          2.140206813812256,
          0.0,
          0.0,
          0.0,
          -0.01207001507282257,
          -0.2915782630443573,
          0.0,
          -0.8544375896453857,
          -0.029627911746501923,
          0.39292874932289124,
          -0.9852759838104248,
          0.0,
          0.36282598972320557,
          0.3922538161277771
        ],
        "truncated": false,
        "total_dim": 30
      },
      "delta_norms": {
        "l_inf": 0.40000009536743164,
        "l2": 1.600000023841858,
        "l1": 6.800000190734863
      },
      "defense": {
        "p_adv_pre": 1.0,
        "p_adv_post": 1.0,
        "tau": 0.045270271599292755,
        "decision_post": "reject"
      },
      "base": {
        "prob_pre": 0.9988088607788086,
        "pred_pre": 1,
        "prob_post": null,
        "pred_post": null,
        "flipped": false
      }
    },
    {
      "global_index": 302830,
      "true_label": 0,
      "z_before": {
        "values": [
          -1.1689342260360718,
          -0.43302619457244873,
          -0.28786027431488037,
          -1.5138964653015137,
          -0.8531373143196106,
          -0.8588575720787048,
          -1.186875343322754,
          -0.34794536232948303,
          -1.243004560470581,
          0.0,
          0.0,
          -0.38252851366996765,
          0.0,
          -0.35048431158065796,
          0.0,
          -0.28786027431488037,
          -0.30762508511543274,
          0.0,
          0.0,
          0.0,
          -0.31207001209259033,
          -0.2915782630443573,
          0.0,
          -0.4544375538825989,
          -0.22962790727615356,
          -0.007071246858686209,
          0.9214245080947876,
          0.0,
          -0.03717402368783951,
          -0.007746201939880848
        ],
        "truncated": false,
        "total_dim": 30
      },
      "z_after_attack": {
        "values": [
          -1.2689342498779297,
          -0.13302621245384216,
          -0.28786027431488037,
          -1.6138964891433716,
          -1.2531373500823975,
          -0.7588575482368469,
          -1.2868753671646118,
          0.052054643630981445,
          -0.9430044889450073,
          0.0,
          0.0,
          -0.28252851963043213,
          0.0,
          -0.25048431754112244,
          0.0,
          -0.18786028027534485,
          -0.007625088095664978,
          0.0,
          0.0,
          0.0,
          -0.11207001656293869,
          0.008421733975410461,
          0.0,
          -0.8544375896453857,
          0.0703720897436142,
          -0.007071246858686209,
          0.5214245319366455,
          0.0,
          0.06282597035169601,
          -0.007746201939880848
        ],
        "truncated": false,
        "total_dim": 30
      },
      "delta_norms": {
        "l_inf": 0.40000003576278687,
        "l2": 1.100000023841858,
        "l1": 4.099999904632568
      },
      "defense": {
        "p_adv_pre": 1.0,
        "p_adv_post": 1.0,
        "tau": 0.045270271599292755,
        "decision_post": "reject"
      },
      "base": {
        "prob_pre": 0.12130061537027359,
        "pred_pre": 0,
        "prob_post": null,
        "pred_post": null,
        "flipped": true
      }
    },
    {
      "global_index": 337581,
      "true_label": 0,