{
  "scenario": "mixed_FGSM",
  "timestamp": "2025-09-28T09:57:24.240592+00:00",
  "attack_base_model": "LightGBM",
  "threeclass_model": "LightGBM",
  "lenient_tau_3c": 0.26304349303245544,
  "stream_counts": {
    "nat": 500000,
    "adv": 500000,
    "total": 1000000
  },
  "gate": {
    "accept_rate_nat": 0.991306,
    "accept_rate_adv": 0.029194,
    "counts": {
      "nat_accepted": 495653,
      "nat_blocked": 4347,
      "adv_accepted": 14597,
      "adv_blocked": 485403
    }
  },
  "three_class": {
    "accuracy": 0.9092758451739343,
    "f1_macro": 0.6191255598933177,
    "auc_ovr": 0.9143384725753045,
    "per_class": {
      "0": {
        "precision": 0.937827964397587,
        "recall": 0.9357364390657223,
        "f1": 0.9367810343102931,
        "support": 250204
      },
      "1": {
        "precision": 0.8825746225654028,
        "recall": 0.9360111469185044,
        "f1": 0.9085078070780748,
        "support": 245449
      },
      "2": {
        "precision": 0.30612244897959184,
        "recall": 0.006165650476125231,
        "f1": 0.012087838291585521,
        "support": 14597
      }
    },
    "counts": {
      "total_accepted": 510250,
      "nat_accepted": 495653,
      "adv_accepted": 14597
    },
    "adv_pred2_rate_accepted": 0.006165650476125231,
    "confusion": {
      "labels": [
        0,
        1,
        2
      ],
      "matrix": [
        [
          234125,
          16060,
          19
        ],
        [
          15521,
          229743,
          185
        ],
        [
          0,
          14507,
          90
        ]
      ],
      "total": 510250,
      "accuracy_from_confusion": 0.9092758451739343
    }
  },
  "nat_only_slice": {
    "accuracy": 0.9358724753002604,
    "f1_macro": 0.9360588421695994,
    "per_class": {
      "0": {
        "precision": 0.937827964397587,
        "recall": 0.9357364390657223,
        "f1": 0.9367810343102931,
        "support": 250204
      },
      "1": {
        "precision": 0.9346631245346884,
        "recall": 0.9360111469185044,
        "f1": 0.9353366500289058,
        "support": 245449
      }
    },
    "counts": {
      "nat_accepted": 495653
    },
    "confusion": {
      "labels": [
        0,
        1,
        2
      ],
      "matrix": [
        [
          234125,
          16060,
          19
        ],
        [
          15521,
          229743,
          185
        ],
        [
          0,
          0,
          0
        ]
      ],
      "total": 495653,
      "accuracy_from_confusion": 0.9358724753002604
    }
  },
  "attack": {
    "kind": "FGSM",
    "steps": 1,
    "eps_z": 0.4,
    "alpha_z": 0.1
  }
}