{
  "scenario": "mixed_FGSM",
  "gate": "gate_legacy",
  "timestamp": "2025-09-12T11:03:53.613410+00:00",
  "threeclass_model": "LightGBM",
  "stream_counts": {
    "nat": 500000,
    "adv": 500000
  },
  "gate_stats": {
    "accept_rate_nat": 0.991306,
    "accept_rate_adv": 0.042714,
    "nat_block_rate": 0.008694
  },
  "three_class": {
    "accuracy": 0.8974120423202646,
    "f1_macro": 0.614279149851186,
    "auc_ovr": 0.9149748325091899,
    "per_class": {
      "0": {
        "precision": 0.937827964397587,
        "recall": 0.9357364390657223,
        "f1": 0.9367810343102931,
        "support": 250204
      },
      "1": {
        "precision": 0.8602770195126883,
        "recall": 0.9360111469185044,
        "f1": 0.8965475526140182,
        "support": 245449
      },
      "2": {
        "precision": 0.3355048859934853,
        "recall": 0.004822774734279159,
        "f1": 0.009508862629246677,
        "support": 21357
      }
    },
    "counts": {
      "total_accepted": 517010,
      "nat_accepted": 495653,
      "adv_accepted": 21357
    },
    "accepted_nat_calibration": {
      "ece": 0.043983588142389715,
      "brier": 0.05391012696538847
    },
    "adv_pred2_rate_accepted": 0.004822774734279159
  }
}