{
  "scenario": "mixed_FGSM",
  "gate": "energy_quantile",
  "timestamp": "2025-09-28T09:57:22.860004+00:00",
  "threeclass_model": "LightGBM",
  "stream_counts": {
    "nat": 500000,
    "adv": 500000
  },
  "gate_stats": {
    "accept_rate_nat": 0.995252,
    "accept_rate_adv": 0.981352,
    "nat_block_rate": 0.004748
  },
  "three_class": {
    "accuracy": 0.9167693680676554,
    "f1_macro": 0.9099733433431417,
    "auc_ovr": 0.9802609665012492,
    "per_class": {
      "0": {
        "precision": 0.9055885877849272,
        "recall": 0.9359659425721857,
        "f1": 0.9205267204163299,
        "support": 249461
      },
      "1": {
        "precision": 0.8012486491323472,
        "recall": 0.9381097253843209,
        "f1": 0.8642947436418615,
        "support": 248165
      },
      "2": {
        "precision": 0.9996203846617219,
        "recall": 0.8962166480528903,
        "f1": 0.9450985659712334,
        "support": 490676
      }
    },
    "counts": {
      "total_accepted": 988302,
      "nat_accepted": 497626,
      "adv_accepted": 490676
    },
    "accepted_nat_calibration": {
      "ece": 0.04471350580097296,
      "brier": 0.053280942449089805
    },
    "adv_pred2_rate_accepted": 0.8962166480528903
  }
}