{
  "scenario": "mixed_FGSM",
  "gate": "msp_quantile",
  "timestamp": "2025-09-12T11:03:57.026801+00:00",
  "threeclass_model": "LightGBM",
  "stream_counts": {
    "nat": 500000,
    "adv": 500000
  },
  "gate_stats": {
    "accept_rate_nat": 0.005148,
    "accept_rate_adv": 0.000398,
    "nat_block_rate": 0.994852
  },
  "three_class": {
    "accuracy": 0.9267940858276235,
    "f1_macro": 0.6448027088414275,
    "auc_ovr": 0.9605889857442985,
    "per_class": {
      "0": {
        "precision": 0.96248382923674,
        "recall": 1.0,
        "f1": 0.980883322346737,
        "support": 744
      },
      "1": {
        "precision": 0.913,
        "recall": 0.9978142076502732,
        "f1": 0.9535248041775457,
        "support": 1830
      },
      "2": {
        "precision": 0.0,
        "recall": 0.0,
        "f1": 0.0,
        "support": 199
      }
    },
    "counts": {
      "total_accepted": 2773,
      "nat_accepted": 2574,
      "adv_accepted": 199
    },
    "accepted_nat_calibration": {
      "ece": 0.0009263646445166751,
      "brier": 0.0015505312638424214
    },
    "adv_pred2_rate_accepted": 0.0
  }
}