{
  "scenario": "mixed_FGSM",
  "gate": "gate_legacy",
  "timestamp": "2025-09-28T09:57:19.627306+00:00",
  "threeclass_model": "LightGBM",
  "stream_counts": {
    "nat": 500000,
    "adv": 500000
  },
  "gate_stats": {
    "accept_rate_nat": 0.991306,
    "accept_rate_adv": 0.029194,
    "nat_block_rate": 0.008694
  },
  "three_class": {
    "accuracy": 0.9092758451739343,
    "f1_macro": 0.6191255598933177,
    "auc_ovr": 0.9143384725753045,
    "per_class": {
      "0": {
        "precision": 0.937827964397587,
        "recall": 0.9357364390657223,
        "f1": 0.9367810343102931,
        "support": 250204
      },
      "1": {
        "precision": 0.8825746225654028,
        "recall": 0.9360111469185044,
        "f1": 0.9085078070780748,
        "support": 245449
      },
      "2": {
        "precision": 0.30612244897959184,
        "recall": 0.006165650476125231,
        "f1": 0.012087838291585521,
        "support": 14597
      }
    },
    "counts": {
      "total_accepted": 510250,
      "nat_accepted": 495653,
      "adv_accepted": 14597
    },
    "accepted_nat_calibration": {
      "ece": 0.043983588142389715,
      "brier": 0.05391012696538847
    },
    "adv_pred2_rate_accepted": 0.006165650476125231
  }
}