{
  "scenario": "mixed_FGSM",
  "timestamp": "2025-09-28T09:57:19.101506+00:00",
  "attack_base_model": "LightGBM",
  "threeclass_model": "LightGBM",
  "lenient_tau_3c": 0.26304349303245544,
  "stream_counts": {
    "nat": 500000,
    "adv": 500000,
    "total": 1000000
  },
  "three_class": {
    "accuracy": 0.91324,
    "f1_macro": 0.9064166764113845,
    "auc_ovr": 0.9799133799010389,
    "per_class": {
      "0": {
        "precision": 0.9034535983021417,
        "recall": 0.9357377232633518,
        "f1": 0.9193123121413385,
        "support": 250209
      },
      "1": {
        "precision": 0.7921637684349548,
        "recall": 0.9364708896637589,
        "f1": 0.8582939205923469,
        "support": 249791
      },
      "2": {
        "precision": 0.9991763081998856,
        "recall": 0.890376,
        "f1": 0.941643796500468,
        "support": 500000
      }
    },
    "counts": {
      "total": 1000000,
      "nat": 500000,
      "adv": 500000
    },
    "adv_pred2_rate": 0.890376,
    "confusion": {
      "labels": [
        0,
        1,
        2
      ],
      "matrix": [
        [
          234130,
          16060,
          19
        ],
        [
          15521,
          233922,
          348
        ],
        [
          9499,
          45313,
          445188
        ]
      ],
      "total": 1000000,
      "accuracy_from_confusion": 0.91324
    }
  },
  "nat_only_slice": {
    "accuracy": 0.936104,
    "f1_macro": 0.9364476471717992,
    "per_class": {
      "0": {
        "precision": 0.9378292095765689,
        "recall": 0.9357377232633518,
        "f1": 0.9367822990437322,
        "support": 250209
      },
      "1": {
        "precision": 0.9357553743869559,
        "recall": 0.9364708896637589,
        "f1": 0.9361129952998661,
        "support": 249791
      }
    },
    "counts": {
      "nat_total": 500000
    },
    "confusion": {
      "labels": [
        0,
        1,
        2
      ],
      "matrix": [
        [
          234130,
          16060,
          19
        ],
        [
          15521,
          233922,
          348
        ],
        [
          0,
          0,
          0
        ]
      ],
      "total": 500000,
      "accuracy_from_confusion": 0.936104
    }
  },
  "attack": {
    "kind": "FGSM",
    "steps": 1,
    "eps_z": 0.4,
    "alpha_z": 0.1
  }
}