{
  "scenario": "mixed_FGSM",
  "gate": "gate_legacy",
  "timestamp": "2025-09-28T08:43:31.821029+00:00",
  "threeclass_model": "DL-MLP",
  "stream_counts": {
    "nat": 500000,
    "adv": 500000
  },
  "gate_stats": {
    "accept_rate_nat": 0.991306,
    "accept_rate_adv": 7.6e-05,
    "nat_block_rate": 0.008694
  },
  "three_class": {
    "accuracy": 0.9326495740289817,
    "f1_macro": 0.6530638675657731,
    "auc_ovr": 0.9776023489970124,
    "per_class": {
      "0": {
        "precision": 0.9365520626312529,
        "recall": 0.9304207766462567,
        "f1": 0.9334763518254907,
        "support": 250204
      },
      "1": {
        "precision": 0.9304268853868078,
        "recall": 0.9349681603917718,
        "f1": 0.9326919950578749,
        "support": 245449
      },
      "2": {
        "precision": 0.0502092050209205,
        "recall": 0.631578947368421,
        "f1": 0.09302325581395349,
        "support": 38
      }
    },
    "counts": {
      "total_accepted": 495691,
      "nat_accepted": 495653,
      "adv_accepted": 38
    },
    "accepted_nat_calibration": {
      "ece": 0.06890222649856509,
      "brier": 0.059153805882122136
    },
    "adv_pred2_rate_accepted": 0.631578947368421
  }
}