{
  "scenario": "mixed_FGSM",
  "gate": "msp_quantile",
  "timestamp": "2025-09-28T08:43:34.246998+00:00",
  "threeclass_model": "DL-MLP",
  "stream_counts": {
    "nat": 500000,
    "adv": 500000
  },
  "gate_stats": {
    "accept_rate_nat": 0.005052,
    "accept_rate_adv": 0.00151,
    "nat_block_rate": 0.994948
  },
  "three_class": {
    "accuracy": 0.7698872295032002,
    "f1_macro": 0.6119821182270244,
    "auc_ovr": 0.6546498903848833,
    "per_class": {
      "0": {
        "precision": 0.9947916666666666,
        "recall": 1.0,
        "f1": 0.9973890339425587,
        "support": 573
      },
      "1": {
        "precision": 0.721996303142329,
        "recall": 1.0,
        "f1": 0.8385573207385144,
        "support": 1953
      },
      "2": {
        "precision": 0.0,
        "recall": 0.0,
        "f1": 0.0,
        "support": 755
      }
    },
    "counts": {
      "total_accepted": 3281,
      "nat_accepted": 2526,
      "adv_accepted": 755
    },
    "accepted_nat_calibration": {
      "ece": 0.02015984058380127,
      "brier": 0.00062304876420093
    },
    "adv_pred2_rate_accepted": 0.0
  }
}