{
  "scenario": "NAT_pure",
  "timestamp": "2025-09-12T05:49:03.821819+00:00",
  "samples_nat": 2000000,
  "accept_rate_nat": 0.8998345,
  "tau": 0.045270271599292755,
  "base_acc_nat_full": 0.934722,
  "base_auc_nat_full": 0.9768157014700001,
  "base_acc_nat_accepted": 0.9278461761579491,
  "base_auc_nat_accepted": 0.9713214863956512
}