{
  "samples": 50000,
  "accuracy": 0.9349,
  "precision": 0.9342796423272786,
  "recall": 0.9351420773799968,
  "f1": 0.9347106609166583,
  "balanced_accuracy": 0.934900810656192,
  "mcc": 0.8697993006647463,
  "kappa": 0.8697989325595687,
  "confusion": {
    "tn": 23445,
    "fp": 1639,
    "fn": 1616,
    "tp": 23300
  },
  "specificity": 0.9346595439323871,
  "tpr": 0.9351420773799968,
  "tnr": 0.9346595439323871,
  "fpr": 0.06534045606761282,
  "fnr": 0.06485792262000321,
  "npv": 0.9355173376960217,
  "fdr": 0.06572035767272144,
  "for": 0.0644826623039783,
  "prevalence": 0.49832,
  "pred_pos_rate": 0.49878,
  "youden_j": 0.869801621312384,
  "gmean": 0.9349007795247434,
  "threat_score": 0.8774242138956881,
  "f0_5": 0.9344520020533881,
  "f2": 0.9349694630145342,
  "lr_plus": 14.311838846247614,
  "lr_minus": 0.06939202947324208,
  "roc_auc": 0.9757069225408727,
  "pr_auc": 0.9799564676361019,
  "brier": 0.05272471069318919,
  "log_loss_ce": 0.17866133819456934,
  "ece": 0.0022692189035441613,
  "model": "LightGBM",
  "attack": "NAT",
  "samples_evaluated": 50000,
  "timestamp": "2025-09-11T11:33:02.946653+00:00"
}