{
  "scenario": "mixed_FGSM",
  "timestamp": "2025-09-28T08:50:39.043493+00:00",
  "attack_base_model": "Random_Forest",
  "threeclass_model": "Random_Forest",
  "lenient_tau_3c": 0.26304349303245544,
  "stream_counts": {
    "nat": 500000,
    "adv": 500000,
    "total": 1000000
  },
  "three_class": {
    "accuracy": 0.806906,
    "f1_macro": 0.8128836797394223,
    "auc_ovr": 0.9435870846800237,
    "per_class": {
      "0": {
        "precision": 0.879399387548334,
        "recall": 0.9262216786766263,
        "f1": 0.9022034492155565,
        "support": 250209
      },
      "1": {
        "precision": 0.5924774595311989,
        "recall": 0.9346894003386831,
        "f1": 0.7252415121299661,
        "support": 249791
      },
      "2": {
        "precision": 0.9978971962616823,
        "recall": 0.68336,
        "f1": 0.8112060778727446,
        "support": 500000
      }
    },
    "counts": {
      "total": 1000000,
      "nat": 500000,
      "adv": 500000
    },
    "adv_pred2_rate": 0.68336,
    "confusion": {
      "labels": [
        0,
        1,
        2
      ],
      "matrix": [
        [
          231749,
          18457,
          3
        ],
        [
          15597,
          233477,
          717
        ],
        [
          16185,
          142135,
          341680
        ]
      ],
      "total": 1000000,
      "accuracy_from_confusion": 0.806906
    }
  },
  "nat_only_slice": {
    "accuracy": 0.930452,
    "f1_macro": 0.9311241904048372,
    "per_class": {
      "0": {
        "precision": 0.936942582455346,
        "recall": 0.9262216786766263,
        "f1": 0.9315512857875009,
        "support": 250209
      },
      "1": {
        "precision": 0.9267387490374464,
        "recall": 0.9346894003386831,
        "f1": 0.9306970950221735,
        "support": 249791
      }
    },
    "counts": {
      "nat_total": 500000
    },
    "confusion": {
      "labels": [
        0,
        1,
        2
      ],
      "matrix": [
        [
          231749,
          18457,
          3
        ],
        [
          15597,
          233477,
          717
        ],
        [
          0,
          0,
          0
        ]
      ],
      "total": 500000,
      "accuracy_from_confusion": 0.930452
    }
  },
  "attack": {
    "kind": "FGSM",
    "steps": 1,
    "eps_z": 0.4,
    "alpha_z": 0.1
  }
}