{
  "scenario": "mixed_FGSM",
  "gate": "gate_legacy",
  "timestamp": "2025-09-28T08:50:39.498320+00:00",
  "threeclass_model": "Random_Forest",
  "stream_counts": {
    "nat": 500000,
    "adv": 500000
  },
  "gate_stats": {
    "accept_rate_nat": 0.991306,
    "accept_rate_adv": 0.024638,
    "nat_block_rate": 0.008694
  },
  "three_class": {
    "accuracy": 0.9078787807201972,
    "f1_macro": 0.6179918693892769,
    "auc_ovr": 0.9590972163391743,
    "per_class": {
      "0": {
        "precision": 0.9369413077492207,
        "recall": 0.9262202043132803,
        "f1": 0.9315499100583867,
        "support": 250204
      },
      "1": {
        "precision": 0.8820106532315444,
        "recall": 0.9343529613076443,
        "f1": 0.9074276308500704,
        "support": 245449
      },
      "2": {
        "precision": 0.15746753246753248,
        "recall": 0.007874015748031496,
        "f1": 0.014998067259373792,
        "support": 12319
      }
    },
    "counts": {
      "total_accepted": 507972,
      "nat_accepted": 495653,
      "adv_accepted": 12319
    },
    "accepted_nat_calibration": {
      "ece": 0.10193612997418464,
      "brier": 0.0693103276321989
    },
    "adv_pred2_rate_accepted": 0.007874015748031496
  }
}