{
  "scenario": "mixed_FGSM",
  "gate": "gate_legacy",
  "timestamp": "2025-09-12T10:17:45.520126+00:00",
  "threeclass_model": "Random_Forest",
  "stream_counts": {
    "nat": 500000,
    "adv": 500000
  },
  "gate_stats": {
    "accept_rate_nat": 0.991306,
    "accept_rate_adv": 0.02983,
    "nat_block_rate": 0.008694
  },
  "three_class": {
    "accuracy": 0.9033057300888422,
    "f1_macro": 0.6165608424342731,
    "auc_ovr": 0.957396788598694,
    "per_class": {
      "0": {
        "precision": 0.9369413077492207,
        "recall": 0.9262202043132803,
        "f1": 0.9315499100583867,
        "support": 250204
      },
      "1": {
        "precision": 0.8733648401113527,
        "recall": 0.9343529613076443,
        "f1": 0.9028301032599924,
        "support": 245449
      },
      "2": {
        "precision": 0.1865203761755486,
        "recall": 0.007978545088836742,
        "f1": 0.0153025139844403,
        "support": 14915
      }
    },
    "counts": {
      "total_accepted": 510568,
      "nat_accepted": 495653,
      "adv_accepted": 14915
    },
    "accepted_nat_calibration": {
      "ece": 0.10193612997418464,
      "brier": 0.0693103276321989
    },
    "adv_pred2_rate_accepted": 0.007978545088836742
  }
}