{
  "scenario": "mixed_PGD",
  "timestamp": "2025-09-12T10:14:58.815307+00:00",
  "attack_base_model": "DL-MLP",
  "threeclass_model": "DL-MLP",
  "lenient_tau_3c": 0.26304349303245544,
  "stream_counts": {
    "nat": 500000,
    "adv": 500000,
    "total": 1000000
  },
  "gate": {
    "accept_rate_nat": 0.991306,
    "accept_rate_adv": 1.6e-05,
    "counts": {
      "nat_accepted": 495653,
      "nat_blocked": 4347,
      "adv_accepted": 8,
      "adv_blocked": 499992
    }
  },
  "three_class": {
    "accuracy": 0.9326737427394933,
    "f1_macro": 0.6334124785561253,
    "auc_ovr": 0.9832610253085302,
    "per_class": {
      "0": {
        "precision": 0.9365520626312529,
        "recall": 0.9304207766462567,
        "f1": 0.9334763518254907,
        "support": 250204
      },
      "1": {
        "precision": 0.9304797006077856,
        "recall": 0.9349681603917718,
        "f1": 0.9327185306513955,
        "support": 245449
      },
      "2": {
        "precision": 0.017316017316017316,
        "recall": 1.0,
        "f1": 0.03404255319148936,
        "support": 8
      }
    },
    "counts": {
      "total_accepted": 495661,
      "nat_accepted": 495653,
      "adv_accepted": 8
    },
    "adv_pred2_rate_accepted": 1.0,
    "confusion": {
      "labels": [
        0,
        1,
        2
      ],
      "matrix": [
        [
          232795,
          17146,
          263
        ],
        [
          15771,
          229487,
          191
        ],
        [
          0,
          0,
          8
        ]
      ],
      "total": 495661,
      "accuracy_from_confusion": 0.9326737427394933
    }
  },
  "nat_only_slice": {
    "accuracy": 0.932672656071889,
    "f1_macro": 0.9330974412384432,
    "per_class": {
      "0": {
        "precision": 0.9365520626312529,
        "recall": 0.9304207766462567,
        "f1": 0.9334763518254907,
        "support": 250204
      },
      "1": {
        "precision": 0.9304797006077856,
        "recall": 0.9349681603917718,
        "f1": 0.9327185306513955,
        "support": 245449
      }
    },
    "counts": {
      "nat_accepted": 495653
    },
    "confusion": {
      "labels": [
        0,
        1,
        2
      ],
      "matrix": [
        [
          232795,
          17146,
          263
        ],
        [
          15771,
          229487,
          191
        ],
        [
          0,
          0,
          0
        ]
      ],
      "total": 495653,
      "accuracy_from_confusion": 0.932672656071889
    }
  },
  "attack": {
    "kind": "PGD",
    "steps": 5,
    "eps_z": 0.4,
    "alpha_z": 0.1
  }
}