{
  "scenario": "mixed_FGSM",
  "timestamp": "2025-09-12T05:42:15.057503+00:00",
  "base_model": "DL-MLP",
  "defense_model": "Defense-LGBM",
  "defense_calibrator": true,
  "device": "cuda",
  "seed": 42,
  "tau": 0.045270271599292755,
  "tau_quantile": 0.9,
  "nat_frac_target": 0.5,
  "stream_size_target": 1000000,
  "stream_nat_count": 500000,
  "stream_adv_count": 500000,
  "samples_total": 1000000,
  "attack_kind": "FGSM",
  "attack_steps": 1,
  "attack_eps_z": 0.4,
  "attack_alpha_z": 0.1,
  "eval_bs": 100000,
  "torch_eval_bs": 8192,
  "torch_attack_bs": 4096,
  "lin_attack_bs": 32768,
  "bb_attack_bs": 8192,
  "detector_auroc_nat_vs_adv": 0.999996527882,
  "detector_ap_nat_vs_adv": 0.9999960861132393,
  "detector_counts_at_tau": {
    "TP": 499998,
    "FP": 49950,
    "TN": 450050,
    "FN": 2
  },
  "tpr_adv_at_tau": 0.999996,
  "fpr_nat_at_tau": 0.0999,
  "tnr_nat_at_tau": 0.9001,
  "precision_adv_at_tau": 0.909173230923651,
  "f1_adv_at_tau": 0.9524243105372838,
  "balanced_accuracy_at_tau": 0.950048,
  "accept_rate_overall": 0.450052,
  "accept_rate_nat": 0.9001,
  "accept_rate_adv": 4e-06,
  "accept_rate_nat_by_label": {
    "0": 0.9942434408051176,
    "1": 0.8061055643930007
  },
  "accept_rate_adv_by_label": {
    "0": 0.0,
    "1": 8.012563699881414e-06
  },
  "base_acc_nat_slice": 0.93419,
  "base_auc_nat_slice": 0.9753289224767212,
  "base_acc_adv_slice": 0.886628,
  "base_auc_adv_slice": 0.92299393075903,
  "base_acc_accepted_nat": 0.9273591823130763,
  "base_auc_accepted_nat": 0.9695360021255217,
  "base_acc_rejected_nat": 0.9957357357357357,
  "base_auc_rejected_nat": 0.9993808437285552,
  "base_acc_accepted_adv": 1.0,
  "base_auc_accepted_adv": NaN,
  "base_acc_rejected_adv": 0.886627546510186,
  "base_auc_rejected_adv": 0.9229937445105617,
  "counts": {
    "accepted_nat": 450050,
    "rejected_nat": 49950,
    "accepted_adv": 2,
    "rejected_adv": 499998
  },
  "p_adv_nat_stats": {
    "mean": 0.026730884622265003,
    "std": 0.06273240388281451,
    "min": 0.0,
    "p5": 0.00019817677093669772,
    "p50": 0.009478118270635605,
    "p95": 0.17020511627197266,
    "max": 0.998979926109314
  },
  "p_adv_adv_stats": {
    "mean": 0.9998163757393435,
    "std": 0.008903617839884833,
    "min": 0.017322411760687828,
    "p5": 1.0,
    "p50": 1.0,
    "p95": 1.0,
    "max": 1.0
  },
  "base_prob_nat_stats": {
    "mean": 0.5000605574112735,
    "std": 0.4442090596070559,
    "min": 0.00031116357422433794,
    "p5": 0.00041546191787347205,
    "p50": 0.5739810466766357,
    "p95": 0.9996616840362549,
    "max": 1.0
  },
  "base_prob_adv_stats": {
    "mean": 0.5068078179385833,
    "std": 0.4170785055219552,
    "min": 0.0004984632250852883,
    "p5": 0.0009167586104013026,
    "p50": 0.44931039214134216,
    "p95": 0.9990814924240112,
    "max": 1.0
  }
}