{
  "meta": {
    "base_model": "DL-MLP",
    "attack": "FGSM",
    "tau": 0.045270271599292755,
    "seed": 42,
    "generated_at": "2025-09-12T05:42:15.081277+00:00",
    "dims": 30,
    "notes": "Sample-level trace of NAT/ADV through attack\u2192defense\u2192base pipeline."
  },
  "nat_samples": [
    {
      "global_index": 1419986,
      "true_label": 0,
      "z_before": {
        "values": [
          0.8462514877319336,
          -0.43302619457244873,
          -0.28786027431488037,
          1.2916537523269653,
          1.2308807373046875,
          0.08788479119539261,
          0.59312903881073,
          -0.34794536232948303,
          0.7662404775619507,
          0.0,
          0.0,
          -0.38252851366996765,
          0.0,
          -0.35048431158065796,
          0.0,
          -0.28786027431488037,
          -0.30762508511543274,
          0.0,
          0.0,
          0.0,
          -0.31207001209259033,
          -0.2915782630443573,
          0.0,
          -0.0003003129386343062,
          -0.22962790727615356,
          -0.007071246858686209,
          0.9214245080947876,
          0.0,
          -0.03717402368783951,
          -0.007746201939880848
        ],
        "truncated": false,
        "total_dim": 30
      },
      "defense": {
        "p_adv": 0.009478118270635605,
        "tau": 0.045270271599292755,
        "decision": "accept"
      },
      "base": {
        "prob_pre": 0.041810646653175354,
        "pred_pre": 0,
        "prob_post": 0.041810646653175354,
        "pred_post": 0,
        "flipped": false
      }
    },
    {
      "global_index": 937782,
      "true_label": 1,
      "z_before": {
        "values": [
          -1.1689342260360718,
          -0.43302619457244873,
          -0.28786027431488037,
          -2.104538679122925,
          -0.33213287591934204,
          -1.5707268714904785,
          -1.186875343322754,
          -0.34794536232948303,
          -1.243004560470581,
          0.0,
          0.0,
          -0.38252851366996765,
          0.0,
          -0.35048431158065796,
          0.0,
          -0.28786027431488037,
          -0.30762508511543274,
          0.0,
          0.0,
          0.0,
          -0.31207001209259033,
          -0.2915782630443573,
          0.0,
          -1.5443668365478516,
          -0.22962790727615356,
          -0.007071246858686209,
          -1.0852760076522827,
          0.0,
          -0.03717402368783951,
          -0.007746201939880848
        ],
        "truncated": false,
        "total_dim": 30
      },
      "defense": {
        "p_adv": 0.011832639575004578,
        "tau": 0.045270271599292755,
        "decision": "accept"
      },
      "base": {
        "prob_pre": 0.9999979734420776,
        "pred_pre": 1,
        "prob_post": 0.9999979734420776,
        "pred_post": 1,
        "flipped": false
      }
    }
  ],
  "adv_samples": [
    {
      "global_index": 1962696,
      "true_label": 1,
      "z_before": {
        "values": [
          0.3812086582183838,
          0.7152256965637207,
          -0.28786027431488037,
          0.405690461397171,
          -0.64473557472229,
          1.0076760053634644,
          0.59312903881073,
          0.8082760572433472,
          0.7662404775619507,
          0.0,
          0.0,
          2.6141841411590576,
          0.0,
          1.0232781171798706,
          0.0,
          -0.28786027431488037,
          -0.30762508511543274,
          0.0,
          0.0,
          0.0,
          0.33654335141181946,
          -0.2915782630443573,
          0.0,
          -0.24250687658786774,
          -0.22962790727615356,
          -0.007071246858686209,
          -1.0852760076522827,
          0.0,
          -0.03717402368783951,
          -0.007746201939880848
        ],
        "truncated": false,
        "total_dim": 30
      },
      "z_after_attack": {
        "values": [
          0.4812086522579193,
          0.6152256727218628,
          -0.18786028027534485,
          0.3056904673576355,
          -0.5447355508804321,
          1.1076760292053223,
          0.49312904477119446,
          0.9082760810852051,
          0.6662404537200928,
          0.0,
          0.0,
          2.5141842365264893,
          0.0,
          0.9232780933380127,
          0.0,
          -0.18786028027534485,
          -0.30762508511543274,
          0.0,
          0.0,
          0.0,
          0.23654335737228394,
          -0.19157826900482178,
          0.0,
          -0.14250686764717102,
          -0.22962790727615356,
          0.09292875230312347,
          -1.0852760076522827,
          0.0,
          -0.03717402368783951,
          0.09225379675626755
        ],
        "truncated": false,
        "total_dim": 30
      },
      "delta_norms": {
        "l_inf": 0.10000002384185791,
        "l2": 0.41231057047843933,
        "l1": 1.7000000476837158
      },
      "defense": {
        "p_adv_pre": 1.0,
        "p_adv_post": 1.0,
        "tau": 0.045270271599292755,
        "decision_post": "reject"
      },
      "base": {
        "prob_pre": 0.9994076490402222,
        "pred_pre": 1,
        "prob_post": null,
        "pred_post": null,
        "flipped": false
      }
    },
    {
      "global_index": 1975155,
      "true_label": 1,
      "z_before": {
        "values": [
          0.5878943800926208,
          0.7152256965637207,
          -0.28786027431488037,
          -1.2185754776000977,
          0.7098761200904846,
          0.8192281126976013,
          0.59312903881073,
          0.9624388813972473,
          -1.243004560470581,
          0.0,
          0.0,
          2.6141841411590576,
          0.0,
          1.0232781171798706,
          0.0,
          -0.28786027431488037,
          -0.30762508511543274,
          0.0,
          0.0,
          0.0,
          0.2801421880722046,
          -0.2915782630443573,
          0.0,
          -1.6665140390396118,
          -0.22962790727615356,
          -0.007071246858686209,
          -1.0852760076522827,
          0.0,
          -0.03717402368783951,
          -0.007746201939880848
        ],
        "truncated": false,
        "total_dim": 30
      },
      "z_after_attack": {
        "values": [
          0.6878944039344788,
          0.6152256727218628,
          -0.18786028027534485,
          -1.3185755014419556,
          0.8098761439323425,
          0.7192280888557434,
          0.49312904477119446,
          1.0624388456344604,
          -1.1430045366287231,
          0.0,
          0.0,
          2.5141842365264893,
          0.0,
          0.9232780933380127,
          0.0,
          -0.18786028027534485,
          -0.20762509107589722,
          0.0,
          0.0,
          0.0,
          0.18014219403266907,
          -0.19157826900482178,
          0.0,
          -1.566514015197754,
          -0.22962790727615356,
          0.09292875230312347,
          -1.0852760076522827,
          0.0,
          0.06282597780227661,
          0.09225379675626755
        ],
        "truncated": false,
        "total_dim": 30
      },
      "delta_norms": {
        "l_inf": 0.10000002384185791,
        "l2": 0.4358898997306824,
        "l1": 1.9000000953674316
      },
      "defense": {
        "p_adv_pre": 1.0,
        "p_adv_post": 1.0,
        "tau": 0.045270271599292755,
        "decision_post": "reject"
      },
      "base": {
        "prob_pre": 0.9993945360183716,
        "pred_pre": 1,
        "prob_post": null,
        "pred_post": null,
        "flipped": false
      }
    },
    {
      "global_index": 1545777,
      "true_label": 1,